insert into "valid_preparations" ("archived_at", "created_at", "description", "icon_path", "id", "last_updated_at", "name") values (NULL, '1653412605', '', '', '29cVxKNr0XKQ0Dj47fwODbkhTj0', '1653457531', 'grill');
insert into "valid_preparations" ("archived_at", "created_at", "description", "icon_path", "id", "last_updated_at", "name") values (NULL, '1653459121', '', '', '29e2EiOv65VSAwh9fPwrXrclieG', NULL, 'grind');
insert into "valid_preparations" ("archived_at", "created_at", "description", "icon_path", "id", "last_updated_at", "name") values (NULL, '1653459139', '', '', '29e2HAByPDsIoynT0HJVIcarJGQ', NULL, 'dice');
insert into "valid_preparations" ("archived_at", "created_at", "description", "icon_path", "id", "last_updated_at", "name") values (NULL, '1653459147', '', '', '29e2I0XlGJMbrBNrZpiW1ynNQwz', NULL, 'slice');
insert into "valid_preparations" ("archived_at", "created_at", "description", "icon_path", "id", "last_updated_at", "name") values (NULL, '1653459154', '', '', '29e2IrxFvoTNzakhVr2XgPiHTcS', NULL, 'boil');
insert into "valid_preparations" ("archived_at", "created_at", "description", "icon_path", "id", "last_updated_at", "name") values (NULL, '1653459162', '', '', '29e2K24dCRSILcaElTJ111HkSUI', NULL, 'blanche');
insert into "valid_preparations" ("archived_at", "created_at", "description", "icon_path", "id", "last_updated_at", "name") values (NULL, '1653459167', '', '', '29e2Kc3Tx5osvgJqzVILQx8yggD', NULL, 'blanch');
insert into "valid_preparations" ("archived_at", "created_at", "description", "icon_path", "id", "last_updated_at", "name") values (NULL, '1653459179', '', '', '29e2MCC3y4jRUW99tdpvFZKlPqQ', NULL, 'parboil');
insert into "valid_preparations" ("archived_at", "created_at", "description", "icon_path", "id", "last_updated_at", "name") values (NULL, '1653459189', '', '', '29e2NDMRmHQ1vR3CV3NoKq41HQF', NULL, 'chiffonade');
insert into "valid_preparations" ("archived_at", "created_at", "description", "icon_path", "id", "last_updated_at", "name") values (NULL, '1653459195', '', '', '29e2O2aRyQ7ALhd0OY6is3FSHsy', NULL, 'marinate');
insert into "valid_preparations" ("archived_at", "created_at", "description", "icon_path", "id", "last_updated_at", "name") values (NULL, '1653459200', '', '', '29e2OdrqYRE3ubkGMp9t6iBILAR', NULL, 'sautee');
insert into "valid_preparations" ("archived_at", "created_at", "description", "icon_path", "id", "last_updated_at", "name") values (NULL, '1653459206', '', '', '29e2PWrIfx5GtlDR9IWmcsmRW3y', NULL, 'blend');
insert into "valid_preparations" ("archived_at", "created_at", "description", "icon_path", "id", "last_updated_at", "name") values (NULL, '1653459211', '', '', '29e2Q4F1AfVWaKLr1XrWFNiXabC', NULL, 'steep');
insert into "valid_preparations" ("archived_at", "created_at", "description", "icon_path", "id", "last_updated_at", "name") values (NULL, '1658385032', '', '', '2CF4Wq8yS4yWHohUXAhPgOLHPwQ', NULL, 'mince');
insert into "valid_preparations" ("archived_at", "created_at", "description", "icon_path", "id", "last_updated_at", "name") values (NULL, '1658455839', '', '', '2CHO2mMmB6b4dtsG292AfYsJeNF', NULL, 'chop');
insert into "valid_preparations" ("archived_at", "created_at", "description", "icon_path", "id", "last_updated_at", "name") values (NULL, '1658456335', 'to place something atop of another thing', '', '2CHP3AtwmYi1q1QKKzvgksGMfIE', '1658456358', 'top');
insert into "valid_preparations" ("archived_at", "created_at", "description", "icon_path", "id", "last_updated_at", "name") values (NULL, '1658456402', '', '', '2CHPBcJoJOyyAulcaEsZOMnUWou', NULL, 'broil');
insert into "valid_preparations" ("archived_at", "created_at", "description", "icon_path", "id", "last_updated_at", "name") values (NULL, '1658536614', '', '', '2CK1ljlBJ8yBGmD198ffBqgfKup', NULL, 'whisk');
insert into "valid_preparations" ("archived_at", "created_at", "description", "icon_path", "id", "last_updated_at", "name") values (NULL, '1658537986', '', '', '2CK4Y4SRiUBIXa24EApAiHqTb65', NULL, 'flatten');
insert into "valid_preparations" ("archived_at", "created_at", "description", "icon_path", "id", "last_updated_at", "name") values (NULL, '1658597248', '', '', '2CM0fNggpt5HCViqQefIa5w56cx', NULL, 'beat');
insert into "valid_preparations" ("archived_at", "created_at", "description", "icon_path", "id", "last_updated_at", "name") values (NULL, '1658597315', '', '', '2CM0ndQC79saHseZhG9LtLC1gyT', NULL, 'incorporate');
insert into "valid_preparations" ("archived_at", "created_at", "description", "icon_path", "id", "last_updated_at", "name") values (NULL, '1658538044', '', '', '2CK4fKbRnfrzNZy8ioRGCRCLbOS', '1658597443', 'cover and let rest');
insert into "valid_preparations" ("archived_at", "created_at", "description", "icon_path", "id", "last_updated_at", "name") values (NULL, '1658597512', '', '', '2CM1COmKKMx39Y6JxqrXuAAlstV', NULL, 'hydrate');
insert into "valid_preparations" ("archived_at", "created_at", "description", "icon_path", "id", "last_updated_at", "name") values (NULL, '1658597594', '', '', '2CM1MpH6kTFD8MtemIDWwtdFKao', NULL, 'cook');
insert into "valid_preparations" ("archived_at", "created_at", "description", "icon_path", "id", "last_updated_at", "name") values (NULL, '1658538038', '', '', '2CK4eZnXzr9xDKtlLOBKCEQYzrv', '1658597599', 'griddle');
insert into "valid_preparations" ("archived_at", "created_at", "description", "icon_path", "id", "last_updated_at", "name") values (NULL, '1656178220', '', '', '2B4vYWSGm0iVPi9c8LXv5EFa7h4', '1658597608', 'pressure cook');
insert into "valid_preparations" ("archived_at", "created_at", "description", "icon_path", "id", "last_updated_at", "name") values (NULL, '1656163620', '', '', '2B4Rxrvts492QpHb8XJaPMkyqN2', '1658597616', 'soak');
insert into "valid_preparations" ("archived_at", "created_at", "description", "icon_path", "id", "last_updated_at", "name") values (NULL, '1656357715', '', '', '2BAnNIoErvFu5AfQKMOWr1NrWjI', '1658597623', 'knead');
insert into "valid_preparations" ("archived_at", "created_at", "description", "icon_path", "id", "last_updated_at", "name") values (NULL, '1656357723', '', '', '2BAnOFDt15w57nmA0CYQsS5mEAK', '1658597628', 'mix');
insert into "valid_preparations" ("archived_at", "created_at", "description", "icon_path", "id", "last_updated_at", "name") values (NULL, '1658537955', '', '', '2CK4U8ILYtzXeK4sQcThmFYuG8O', '1658597636', 'divide');
insert into "valid_preparations" ("archived_at", "created_at", "description", "icon_path", "id", "last_updated_at", "name") values (NULL, '1658598533', '', '', '2CM3Gpk9CTiOojn5uNihJvRcoEL', NULL, 'mash');
insert into "valid_preparations" ("archived_at", "created_at", "description", "icon_path", "id", "last_updated_at", "name") values (NULL, '1658598722', 'grease a pan, for instance', '', '2CM3eSc2llq0BlgbxBi6hXovfmS', NULL, 'grease');
insert into "valid_preparations" ("archived_at", "created_at", "description", "icon_path", "id", "last_updated_at", "name") values (NULL, '1658598743', '', '', '2CM3h6VMMuY64KVZ7LWb2ZO7L8F', NULL, 'assemble');
insert into "valid_preparations" ("archived_at", "created_at", "description", "icon_path", "id", "last_updated_at", "name") values (NULL, '1658598830', '', '', '2CM3sCq0aokjZLDqqr2YwTtR7Z2', NULL, 'bake');
insert into "valid_preparations" ("archived_at", "created_at", "description", "icon_path", "id", "last_updated_at", "name") values (NULL, '1658599349', '', '', '2CM4vIl6KPgcLShLy3ATfdqRexX', NULL, 'strain');
insert into "valid_preparations" ("archived_at", "created_at", "description", "icon_path", "id", "last_updated_at", "name") values (NULL, '1658599666', '', '', '2CM5Z8fgExYd0sYlp1P6I6mEX50', NULL, 'rinse');
insert into "valid_preparations" ("archived_at", "created_at", "description", "icon_path", "id", "last_updated_at", "name") values (NULL, '1658795711', '', '', '2CSUvZ3tIvepPQKvd3PKd9g0qaQ', NULL, 'heat');
insert into "valid_preparations" ("archived_at", "created_at", "description", "icon_path", "id", "last_updated_at", "name") values (NULL, '1658795716', '', '', '2CSUwGpzKuVqNLroeq3dnoq1RkH', NULL, 'hand mix');
insert into "valid_preparations" ("archived_at", "created_at", "description", "icon_path", "id", "last_updated_at", "name") values (NULL, '1658796356', '', '', '2CSWEiIYdhJlyGJnPgr1pVcE0s0', NULL, 'roll out');
insert into "valid_preparations" ("archived_at", "created_at", "description", "icon_path", "id", "last_updated_at", "name") values (NULL, '1658809943', '', '', '2CSxmBNlxIE42qDLQbSytqm9KdK', NULL, 'wrap');
insert into "valid_preparations" ("archived_at", "created_at", "description", "icon_path", "id", "last_updated_at", "name") values (NULL, '1658811046', '', '', '2CT00nehouh98G81jn1V8hwh7hG', NULL, 'roast');
insert into "valid_preparations" ("archived_at", "created_at", "description", "icon_path", "id", "last_updated_at", "name") values (NULL, '1658811476', 'with, for example, a mortar and pestle', '', '2CT0so2Uh7JoajFYK8AflkRtmCq', NULL, 'pound');
insert into "valid_preparations" ("archived_at", "created_at", "description", "icon_path", "id", "last_updated_at", "name") values (NULL, '1660273830', '', '', '2DEoumOAnmBGxXHX9swgVtv7lrr', NULL, 'cube');
insert into "valid_preparations" ("archived_at", "created_at", "description", "icon_path", "id", "last_updated_at", "name") values (NULL, '1660273987', '', '', '2DEpETyxXBZImwpAyoVFgwa4CUN', NULL, 'line');
insert into "valid_preparations" ("archived_at", "created_at", "description", "icon_path", "id", "last_updated_at", "name") values (NULL, '1660274700', '', '', '2DEqg7p3ZDr3F50h8pT3LHJPUeo', NULL, 'confit');
insert into "valid_preparations" ("archived_at", "created_at", "description", "icon_path", "id", "last_updated_at", "name") values (NULL, '1660357925', '', '', '2DHZMkT3jxC34pLWN7ZLuqSh1Ch', NULL, 'preheat');
insert into "valid_preparations" ("archived_at", "created_at", "description", "icon_path", "id", "last_updated_at", "name") values (NULL, '1660519815', '', '', '2DMrV4Xolzk3aEraBUk7KYoAGNF', NULL, 'cover and cook');
insert into "valid_preparations" ("archived_at", "created_at", "description", "icon_path", "id", "last_updated_at", "name") values (NULL, '1660525694', '', '', '2DN3Q1p0RXDw3F7twJt3kNQDLIC', NULL, 'grate');
insert into "valid_preparations" ("archived_at", "created_at", "description", "icon_path", "id", "last_updated_at", "name") values (NULL, '1660527569', '', '', '2DN7DWRGuvOfnJDxylrdnhP3HCJ', NULL, 'add');
insert into "valid_preparations" ("archived_at", "created_at", "description", "icon_path", "id", "last_updated_at", "name") values (NULL, '1660527732', '', '', '2DN7Y2TmmC5KhPOHs4peeigm1hq', NULL, 'drain');

insert into "valid_measurement_units" ("archived_at", "created_at", "description", "icon_path", "id", "last_updated_at", "name", "volumetric") values (NULL, '1659878618', '', '', '2CUumLd5Vxnbp79O7ewWFTeEG8b', NULL, 'gram', false);
insert into "valid_measurement_units" ("archived_at", "created_at", "description", "icon_path", "id", "last_updated_at", "name", "volumetric") values (NULL, '1659878618', '', '', '2CUumRVyVpKSZ8bYf3MVnYcqFQf', NULL, 'milliliter', true);
insert into "valid_measurement_units" ("archived_at", "created_at", "description", "icon_path", "id", "last_updated_at", "name", "volumetric") values (NULL, '1659878618', '', '', '2CUumOxYpP5N2I0Nb0nYqwbECI0', NULL, 'unit', false);
insert into "valid_measurement_units" ("archived_at", "created_at", "description", "icon_path", "id", "last_updated_at", "name", "volumetric") values (NULL, '1659878618', '', '', '2CUumT5hzcIrvYpEDmrRmgrpi8J', NULL, 'clove', false);
insert into "valid_measurement_units" ("archived_at", "created_at", "description", "icon_path", "id", "last_updated_at", "name", "volumetric") values (NULL, '1659878618', '', '', '2CUumPXMn2nesduGGX7h6B8IV7e', NULL, 'teaspoon', true);
insert into "valid_measurement_units" ("archived_at", "created_at", "description", "icon_path", "id", "last_updated_at", "name", "volumetric") values (NULL, '1659878618', '', '', '2CUumM34fwvbuzbPxb3z53GwANs', NULL, 'tablespoon', true);
insert into "valid_measurement_units" ("archived_at", "created_at", "description", "icon_path", "id", "last_updated_at", "name", "volumetric") values (NULL, '1659878618', '', '', '2CUumO7M5l6dLlRNZ1iG28GH2Sw', NULL, 'can', false);
insert into "valid_measurement_units" ("archived_at", "created_at", "description", "icon_path", "id", "last_updated_at", "name", "volumetric") values (NULL, '1659878618', '', '', '2CUumP2No8mYzti8SY0QHgAdgv7', NULL, 'cup', true);
insert into "valid_measurement_units" ("archived_at", "created_at", "description", "icon_path", "id", "last_updated_at", "name", "volumetric") values (NULL, '1659878618', '', '', '2CUumS91nhzBU3RT1sebQEzUB5F', NULL, 'percent', false);
insert into "valid_measurement_units" ("archived_at", "created_at", "description", "icon_path", "id", "last_updated_at", "name", "volumetric") values (NULL, '1660273885', 'e.g. for garlic, lettuce', '', '2DEp1r7j4FWh2ZfWQpAohNqSJLu', '1660273892', 'head', false);
insert into "valid_measurement_units" ("archived_at", "created_at", "description", "icon_path", "id", "last_updated_at", "name", "volumetric") values (NULL, '1660273969', '', '', '2DEpCH1IQUvKeg5GsVCBeZKIr3u', NULL, 'sheet', false);
insert into "valid_measurement_units" ("archived_at", "created_at", "description", "icon_path", "id", "last_updated_at", "name", "volumetric") values (NULL, '1660396351', '', '', '2DIpFjE7ffjiuhHalguV0cqzzws', NULL, 'piece', false);
insert into "valid_measurement_units" ("archived_at", "created_at", "description", "icon_path", "id", "last_updated_at", "name", "volumetric") values (NULL, '1660396445', '', '', '2DIpRXuzeBfPi5n05zxyshIIWhe', NULL, 'ball', false);
insert into "valid_measurement_units" ("archived_at", "created_at", "description", "icon_path", "id", "last_updated_at", "name", "volumetric") values (NULL, '1660516604', '', '', '2DMkzdacMWDzpUnbpafmjZY7Uis', NULL, 'bunch', false);
insert into "valid_measurement_units" ("archived_at", "created_at", "description", "icon_path", "id", "last_updated_at", "name", "volumetric") values (NULL, '1660519239', '', '', '2DMqKf12tuK51K5P9ch5fAHEcvL', NULL, 'panful', false);
insert into "valid_measurement_units" ("archived_at", "created_at", "description", "icon_path", "id", "last_updated_at", "name", "volumetric") values (NULL, '1660520260', '', '', '2DMsP0MxkVxbBswQdvBu7dOdOgF', NULL, 'stalk', false);
insert into "valid_measurement_units" ("archived_at", "created_at", "description", "icon_path", "id", "last_updated_at", "name", "volumetric") values (NULL, '1660527538', '', '', '2DN79fZhNvLniJQnLimRkFeFfeQ', NULL, 'ounces', false);
insert into "valid_measurement_units" ("archived_at", "created_at", "description", "icon_path", "id", "last_updated_at", "name", "volumetric") values (NULL, '1660573946', '', '', '2DOdDaQT394xaLalwDUleXMWKYi', NULL, 'bowl', false);
insert into "valid_measurement_units" ("archived_at", "created_at", "description", "icon_path", "id", "last_updated_at", "name", "volumetric") values (NULL, '1660574219', '', '', '2DOdm25s7LPl6VbH7Xw6nINljOP', NULL, 'leaf', false);

insert into "valid_instruments" ("archived_at", "created_at", "description", "icon_path", "id", "last_updated_at", "name") values (NULL, '1653459226', '', '', '29e2RsfTJOEOTNtTWNEGKbF3qBs', NULL, 'blender');
insert into "valid_instruments" ("archived_at", "created_at", "description", "icon_path", "id", "last_updated_at", "name") values (NULL, '1653459804', '', '', '29e3cfiISqJfoZhihFIJ1gaGJ2e', NULL, 'garlic press');
insert into "valid_instruments" ("archived_at", "created_at", "description", "icon_path", "id", "last_updated_at", "name") values (NULL, '1653459815', '', '', '29e3e35iDFt2AZ2pceUHFlHjqWL', NULL, 'frying pan');
insert into "valid_instruments" ("archived_at", "created_at", "description", "icon_path", "id", "last_updated_at", "name") values (NULL, '1653459828', '', '', '29e3fZvnTtTfvs7RWwgPyh86RmS', NULL, 'baking sheet');
insert into "valid_instruments" ("archived_at", "created_at", "description", "icon_path", "id", "last_updated_at", "name") values (NULL, '1653459834', '', '', '29e3gRERR6DzjKqskwdPEvFA0Ff', NULL, 'hotel pan');
insert into "valid_instruments" ("archived_at", "created_at", "description", "icon_path", "id", "last_updated_at", "name") values (NULL, '1653459847', '', '', '29e3hvhCjQrRQXon7QcYE7beCA2', NULL, 'immersion circulator');
insert into "valid_instruments" ("archived_at", "created_at", "description", "icon_path", "id", "last_updated_at", "name") values (NULL, '1653459853', '', '', '29e3is4dXoWUPs7rCT9IMZyy3el', NULL, 'stovetop');
insert into "valid_instruments" ("archived_at", "created_at", "description", "icon_path", "id", "last_updated_at", "name") values (NULL, '1653459861', '', '', '29e3jiCPQZmTEz8Y32pUymXVo4q', NULL, 'smoker');
insert into "valid_instruments" ("archived_at", "created_at", "description", "icon_path", "id", "last_updated_at", "name") values (NULL, '1653459871', '', '', '29e3l9i3D8f8tuKUATzkf3aEKju', NULL, 'box grater');
insert into "valid_instruments" ("archived_at", "created_at", "description", "icon_path", "id", "last_updated_at", "name") values (NULL, '1653459219', '', '', '29e2R6B3OOVXIVY4yOAISONZUHP', '1658282719', 'chef''s knife');
insert into "valid_instruments" ("archived_at", "created_at", "description", "icon_path", "id", "last_updated_at", "name") values (NULL, '1658601565', '', '', '2CM9PsSa3tY8os929YgDcMhFLGo', NULL, 'electric mixer');
insert into "valid_instruments" ("archived_at", "created_at", "description", "icon_path", "id", "last_updated_at", "name") values (NULL, '1660356136', '', '', '2DHVk3kzu9UrHUSIGt7AAa4GRmb', NULL, 'whisk');
insert into "valid_instruments" ("archived_at", "created_at", "description", "icon_path", "id", "last_updated_at", "name") values (NULL, '1660356153', '', '', '2DHVmAL80rOLLRKrDiliXbQ7VMl', '1660356159', 'fork');
insert into "valid_instruments" ("archived_at", "created_at", "description", "icon_path", "id", "last_updated_at", "name") values (NULL, '1660357298', '', '', '2DHY69clrVKZkqqTLFGj0YZV8jK', NULL, 'bare hands');
insert into "valid_instruments" ("archived_at", "created_at", "description", "icon_path", "id", "last_updated_at", "name") values (NULL, '1660357675', '', '', '2DHYrO51O3f0dsM8dhmwFsBxKYd', NULL, 'pastry scraper');
insert into "valid_instruments" ("archived_at", "created_at", "description", "icon_path", "id", "last_updated_at", "name") values (NULL, '1660357729', '', '', '2DHYyGxKheY8D0PWHtnM3Lak83K', NULL, 'rolling pin');
insert into "valid_instruments" ("archived_at", "created_at", "description", "icon_path", "id", "last_updated_at", "name") values (NULL, '1660357787', '', '', '2DHZ5UGZEAoYFamgxhyhsVd4i6i', NULL, 'covered bowl');
insert into "valid_instruments" ("archived_at", "created_at", "description", "icon_path", "id", "last_updated_at", "name") values (NULL, '1660357952', '', '', '2DHZQD7M1CtuNpZKYdQw7SGw8fy', NULL, 'comal');
insert into "valid_instruments" ("archived_at", "created_at", "description", "icon_path", "id", "last_updated_at", "name") values (NULL, '1660515072', '', '', '2DMhtCfb35rvHkOCq5fEjDySMGF', NULL, 'mixing bowl');
insert into "valid_instruments" ("archived_at", "created_at", "description", "icon_path", "id", "last_updated_at", "name") values (NULL, '1660516817', '', '', '2DMlQSKparICbB9WZ2SnZlhRbYW', NULL, '12" cast iron skillet');
insert into "valid_instruments" ("archived_at", "created_at", "description", "icon_path", "id", "last_updated_at", "name") values (NULL, '1660516970', '', '', '2DMljauva180pl5MhDMm92qQOag', NULL, 'oven');
insert into "valid_instruments" ("archived_at", "created_at", "description", "icon_path", "id", "last_updated_at", "name") values (NULL, '1660519743', '', '', '2DMrM2uvHUlxOlvmpRYCtVNxd5K', NULL, 'tongs');
insert into "valid_instruments" ("archived_at", "created_at", "description", "icon_path", "id", "last_updated_at", "name") values (NULL, '1660525705', '', '', '2DN3RBxe5VNGP6p8x8xjJIMiDNL', NULL, 'microplane');
insert into "valid_instruments" ("archived_at", "created_at", "description", "icon_path", "id", "last_updated_at", "name") values (NULL, '1660525711', '', '', '2DN3Rwf3fmYxl6NVHE57aLYCIHF', NULL, 'grater');
insert into "valid_instruments" ("archived_at", "created_at", "description", "icon_path", "id", "last_updated_at", "name") values (NULL, '1660527865', '', '', '2DN7odBESodO1GWhFcAn2aTfwPL', NULL, 'colander');
insert into "valid_instruments" ("archived_at", "created_at", "description", "icon_path", "id", "last_updated_at", "name") values (NULL, '1660573977', '', '', '2DOdHWlBDn55T2Meh2mFVp9wQFq', NULL, 'pressure cooker');

insert into "valid_ingredients" ("animal_flesh", "archived_at", "contains_dairy", "contains_egg", "contains_fish", "contains_gluten", "contains_peanut", "contains_sesame", "contains_shellfish", "contains_soy", "contains_tree_nut", "contains_wheat", "created_at", "description", "icon_path", "id", "is_liquid", "last_updated_at", "name", "volumetric", "warning") values (true, NULL, false, false, false, false, false, false, false, false, false, false, '1653458702', '', '', '29e1O7egiZW5CqXyGXwEzp1oluC', false, NULL, 'chicken breast', false, '');
insert into "valid_ingredients" ("animal_flesh", "archived_at", "contains_dairy", "contains_egg", "contains_fish", "contains_gluten", "contains_peanut", "contains_sesame", "contains_shellfish", "contains_soy", "contains_tree_nut", "contains_wheat", "created_at", "description", "icon_path", "id", "is_liquid", "last_updated_at", "name", "volumetric", "warning") values (false, NULL, false, false, false, false, false, false, false, false, false, false, '1653458723', '', '', '29e1QjIDbjWkuU1OKw1VojpiFI0', false, NULL, 'coffee', false, '');
insert into "valid_ingredients" ("animal_flesh", "archived_at", "contains_dairy", "contains_egg", "contains_fish", "contains_gluten", "contains_peanut", "contains_sesame", "contains_shellfish", "contains_soy", "contains_tree_nut", "contains_wheat", "created_at", "description", "icon_path", "id", "is_liquid", "last_updated_at", "name", "volumetric", "warning") values (false, NULL, false, false, false, false, false, false, false, false, false, false, '1653458684', '', '', '29e1LpCHEAVqhEytXFN4IjapLJ0', false, '1653458729', 'water', true, '');
insert into "valid_ingredients" ("animal_flesh", "archived_at", "contains_dairy", "contains_egg", "contains_fish", "contains_gluten", "contains_peanut", "contains_sesame", "contains_shellfish", "contains_soy", "contains_tree_nut", "contains_wheat", "created_at", "description", "icon_path", "id", "is_liquid", "last_updated_at", "name", "volumetric", "warning") values (false, NULL, false, false, false, false, false, false, false, false, false, false, '1653458801', '', '', '29e1aTUQlzwyjy5rMb5cQSybaWq', false, NULL, 'gochujang', false, '');
insert into "valid_ingredients" ("animal_flesh", "archived_at", "contains_dairy", "contains_egg", "contains_fish", "contains_gluten", "contains_peanut", "contains_sesame", "contains_shellfish", "contains_soy", "contains_tree_nut", "contains_wheat", "created_at", "description", "icon_path", "id", "is_liquid", "last_updated_at", "name", "volumetric", "warning") values (false, NULL, false, false, false, false, false, false, false, false, false, false, '1653458862', '', '', '29e1iG8OCeFoUqkVBTFhTrrCOrA', false, NULL, 'garlic', false, '');
insert into "valid_ingredients" ("animal_flesh", "archived_at", "contains_dairy", "contains_egg", "contains_fish", "contains_gluten", "contains_peanut", "contains_sesame", "contains_shellfish", "contains_soy", "contains_tree_nut", "contains_wheat", "created_at", "description", "icon_path", "id", "is_liquid", "last_updated_at", "name", "volumetric", "warning") values (false, NULL, false, false, false, false, false, false, false, false, false, false, '1653458872', '', '', '29e1jZ8p2Kfy40F6XHCtyPXubkv', false, NULL, 'ginger', false, '');
insert into "valid_ingredients" ("animal_flesh", "archived_at", "contains_dairy", "contains_egg", "contains_fish", "contains_gluten", "contains_peanut", "contains_sesame", "contains_shellfish", "contains_soy", "contains_tree_nut", "contains_wheat", "created_at", "description", "icon_path", "id", "is_liquid", "last_updated_at", "name", "volumetric", "warning") values (false, NULL, false, false, false, false, false, false, false, false, false, false, '1653458909', '', '', '29e1o9l35f80KCvmngzKCId3Pmn', false, NULL, 'chicken broth', true, '');
insert into "valid_ingredients" ("animal_flesh", "archived_at", "contains_dairy", "contains_egg", "contains_fish", "contains_gluten", "contains_peanut", "contains_sesame", "contains_shellfish", "contains_soy", "contains_tree_nut", "contains_wheat", "created_at", "description", "icon_path", "id", "is_liquid", "last_updated_at", "name", "volumetric", "warning") values (false, NULL, false, false, false, false, false, false, false, true, false, false, '1653458924', '', '', '29e1pzP17bqe8Y3mWJ8ci2JAtH4', false, '1653458949', 'soy sauce', true, '');
insert into "valid_ingredients" ("animal_flesh", "archived_at", "contains_dairy", "contains_egg", "contains_fish", "contains_gluten", "contains_peanut", "contains_sesame", "contains_shellfish", "contains_soy", "contains_tree_nut", "contains_wheat", "created_at", "description", "icon_path", "id", "is_liquid", "last_updated_at", "name", "volumetric", "warning") values (false, NULL, false, false, false, false, false, false, false, false, false, false, '1658811402', '', '', '2CT0jPGeKSRy8C6ppyvA6WKEEtX', false, '1658811509', 'thai green chile', false, '');
insert into "valid_ingredients" ("animal_flesh", "archived_at", "contains_dairy", "contains_egg", "contains_fish", "contains_gluten", "contains_peanut", "contains_sesame", "contains_shellfish", "contains_soy", "contains_tree_nut", "contains_wheat", "created_at", "description", "icon_path", "id", "is_liquid", "last_updated_at", "name", "volumetric", "warning") values (false, NULL, false, false, false, false, false, false, false, false, false, false, '1660273960', '', '', '2DEpBCMTAX4kQjqZjq8Lq42Q5yt', false, NULL, 'aluminum foil', false, '');
insert into "valid_ingredients" ("animal_flesh", "archived_at", "contains_dairy", "contains_egg", "contains_fish", "contains_gluten", "contains_peanut", "contains_sesame", "contains_shellfish", "contains_soy", "contains_tree_nut", "contains_wheat", "created_at", "description", "icon_path", "id", "is_liquid", "last_updated_at", "name", "volumetric", "warning") values (false, NULL, false, false, false, false, false, false, false, false, false, false, '1660520247', '', '', '2DMsNIYcrGllqg3RH9NRS57S1ME', false, NULL, 'green onion', false, '');
insert into "valid_ingredients" ("animal_flesh", "archived_at", "contains_dairy", "contains_egg", "contains_fish", "contains_gluten", "contains_peanut", "contains_sesame", "contains_shellfish", "contains_soy", "contains_tree_nut", "contains_wheat", "created_at", "description", "icon_path", "id", "is_liquid", "last_updated_at", "name", "volumetric", "warning") values (false, NULL, false, false, false, false, false, false, false, false, false, false, '1658378777', 'Traditionally made from sun-dried Korean red chili peppers (called taeyang-cho), gochugaru has a complex flavor profile with spicy, sweet, and slightly smoky tastes.', '', '2CErqeGvonrG7iLdIyaJ1YmoJr5', false, NULL, 'gochugaru', false, '');
insert into "valid_ingredients" ("animal_flesh", "archived_at", "contains_dairy", "contains_egg", "contains_fish", "contains_gluten", "contains_peanut", "contains_sesame", "contains_shellfish", "contains_soy", "contains_tree_nut", "contains_wheat", "created_at", "description", "icon_path", "id", "is_liquid", "last_updated_at", "name", "volumetric", "warning") values (false, NULL, false, false, false, false, false, false, false, false, false, false, '1653458882', '', '', '29e1kh8Pll1QHI62ej4X5yo3wjN', false, '1658379475', 'black pepper', false, '');
insert into "valid_ingredients" ("animal_flesh", "archived_at", "contains_dairy", "contains_egg", "contains_fish", "contains_gluten", "contains_peanut", "contains_sesame", "contains_shellfish", "contains_soy", "contains_tree_nut", "contains_wheat", "created_at", "description", "icon_path", "id", "is_liquid", "last_updated_at", "name", "volumetric", "warning") values (false, NULL, false, false, false, false, false, false, false, false, false, false, '1658379525', '', '', '2CEtMkbQfNAgbiIsyKn24P5Uk9e', false, NULL, 'honey', false, '');
insert into "valid_ingredients" ("animal_flesh", "archived_at", "contains_dairy", "contains_egg", "contains_fish", "contains_gluten", "contains_peanut", "contains_sesame", "contains_shellfish", "contains_soy", "contains_tree_nut", "contains_wheat", "created_at", "description", "icon_path", "id", "is_liquid", "last_updated_at", "name", "volumetric", "warning") values (false, NULL, false, false, false, true, false, false, false, false, false, false, '1658455977', '', '', '2CHOKAxQYljw7QyIIcvSdd4dBb4', false, NULL, 'korean rice cake', false, '');
insert into "valid_ingredients" ("animal_flesh", "archived_at", "contains_dairy", "contains_egg", "contains_fish", "contains_gluten", "contains_peanut", "contains_sesame", "contains_shellfish", "contains_soy", "contains_tree_nut", "contains_wheat", "created_at", "description", "icon_path", "id", "is_liquid", "last_updated_at", "name", "volumetric", "warning") values (false, NULL, false, false, false, false, false, false, false, false, false, false, '1658537623', '', '', '2CK3oLXshhdcFCixqDFr5YTip8Z', false, NULL, 'baking powder', false, '');
insert into "valid_ingredients" ("animal_flesh", "archived_at", "contains_dairy", "contains_egg", "contains_fish", "contains_gluten", "contains_peanut", "contains_sesame", "contains_shellfish", "contains_soy", "contains_tree_nut", "contains_wheat", "created_at", "description", "icon_path", "id", "is_liquid", "last_updated_at", "name", "volumetric", "warning") values (false, NULL, false, false, false, false, false, false, false, false, false, false, '1658537650', '', '', '2CK3rqFrF9jwemtb8K6uS4cNMvD', false, NULL, 'vegetable shortening', false, '');
insert into "valid_ingredients" ("animal_flesh", "archived_at", "contains_dairy", "contains_egg", "contains_fish", "contains_gluten", "contains_peanut", "contains_sesame", "contains_shellfish", "contains_soy", "contains_tree_nut", "contains_wheat", "created_at", "description", "icon_path", "id", "is_liquid", "last_updated_at", "name", "volumetric", "warning") values (true, NULL, false, false, false, false, false, false, false, false, false, false, '1658590879', '', '', '2CLnktm5HhGQ7RcLLYWg6FJ8ent', false, NULL, 'lard', false, '');
insert into "valid_ingredients" ("animal_flesh", "archived_at", "contains_dairy", "contains_egg", "contains_fish", "contains_gluten", "contains_peanut", "contains_sesame", "contains_shellfish", "contains_soy", "contains_tree_nut", "contains_wheat", "created_at", "description", "icon_path", "id", "is_liquid", "last_updated_at", "name", "volumetric", "warning") values (false, NULL, false, false, false, false, false, false, false, false, false, false, '1658590905', '', '', '2CLnoKKfA5ZGSoPewWcqpThBSBg', false, NULL, 'mexican oregano', false, '');
insert into "valid_ingredients" ("animal_flesh", "archived_at", "contains_dairy", "contains_egg", "contains_fish", "contains_gluten", "contains_peanut", "contains_sesame", "contains_shellfish", "contains_soy", "contains_tree_nut", "contains_wheat", "created_at", "description", "icon_path", "id", "is_liquid", "last_updated_at", "name", "volumetric", "warning") values (false, NULL, false, false, false, false, false, false, false, false, false, false, '1658590916', '', '', '2CLnpflsTjUluouTNIcMOpVrGgr', false, NULL, 'bay leaf', false, '');
insert into "valid_ingredients" ("animal_flesh", "archived_at", "contains_dairy", "contains_egg", "contains_fish", "contains_gluten", "contains_peanut", "contains_sesame", "contains_shellfish", "contains_soy", "contains_tree_nut", "contains_wheat", "created_at", "description", "icon_path", "id", "is_liquid", "last_updated_at", "name", "volumetric", "warning") values (false, NULL, false, false, false, false, false, false, false, false, false, false, '1658590930', '', '', '2CLnrJaGQl2J6JqNcDQoed0cSGr', false, NULL, 'epazote', false, '');
insert into "valid_ingredients" ("animal_flesh", "archived_at", "contains_dairy", "contains_egg", "contains_fish", "contains_gluten", "contains_peanut", "contains_sesame", "contains_shellfish", "contains_soy", "contains_tree_nut", "contains_wheat", "created_at", "description", "icon_path", "id", "is_liquid", "last_updated_at", "name", "volumetric", "warning") values (false, NULL, false, false, false, false, false, false, false, false, false, false, '1658597170', '', '', '2CM0VWarqDPOnbkL6xNBctBRZfK', false, NULL, 'masa harina', false, '');
insert into "valid_ingredients" ("animal_flesh", "archived_at", "contains_dairy", "contains_egg", "contains_fish", "contains_gluten", "contains_peanut", "contains_sesame", "contains_shellfish", "contains_soy", "contains_tree_nut", "contains_wheat", "created_at", "description", "icon_path", "id", "is_liquid", "last_updated_at", "name", "volumetric", "warning") values (false, NULL, false, false, false, false, false, false, false, false, false, false, '1658597524', '', '', '2CM1E2f6aeoe8m9aZyF6m8nDaR2', false, NULL, 'ancho chile', false, '');
insert into "valid_ingredients" ("animal_flesh", "archived_at", "contains_dairy", "contains_egg", "contains_fish", "contains_gluten", "contains_peanut", "contains_sesame", "contains_shellfish", "contains_soy", "contains_tree_nut", "contains_wheat", "created_at", "description", "icon_path", "id", "is_liquid", "last_updated_at", "name", "volumetric", "warning") values (false, NULL, false, false, false, false, false, false, false, false, false, false, '1658597778', '', '', '2CM1juWdv4pvV3sHleveTV0zgSU', false, NULL, 'onion', false, '');
insert into "valid_ingredients" ("animal_flesh", "archived_at", "contains_dairy", "contains_egg", "contains_fish", "contains_gluten", "contains_peanut", "contains_sesame", "contains_shellfish", "contains_soy", "contains_tree_nut", "contains_wheat", "created_at", "description", "icon_path", "id", "is_liquid", "last_updated_at", "name", "volumetric", "warning") values (false, NULL, false, false, false, true, false, false, false, false, false, true, '1656357643', '', '', '2BAnE7ceyyZX8kpim28MvOHjNU0', false, '1658597786', 'all purpose flour', false, '');
insert into "valid_ingredients" ("animal_flesh", "archived_at", "contains_dairy", "contains_egg", "contains_fish", "contains_gluten", "contains_peanut", "contains_sesame", "contains_shellfish", "contains_soy", "contains_tree_nut", "contains_wheat", "created_at", "description", "icon_path", "id", "is_liquid", "last_updated_at", "name", "volumetric", "warning") values (false, NULL, false, false, false, false, false, false, false, false, false, false, '1656357702', '', '', '2BAnLXVoWLJLXJjVasCi3gLmyLB', false, '1658597794', 'active dry yeast', true, '');
insert into "valid_ingredients" ("animal_flesh", "archived_at", "contains_dairy", "contains_egg", "contains_fish", "contains_gluten", "contains_peanut", "contains_sesame", "contains_shellfish", "contains_soy", "contains_tree_nut", "contains_wheat", "created_at", "description", "icon_path", "id", "is_liquid", "last_updated_at", "name", "volumetric", "warning") values (false, NULL, true, false, false, false, false, false, false, false, false, false, '1658456304', '', '', '2CHOzLE0Pud3SndR0TgszgKneKf', false, '1658597800', 'mozzarella cheese', false, '');
insert into "valid_ingredients" ("animal_flesh", "archived_at", "contains_dairy", "contains_egg", "contains_fish", "contains_gluten", "contains_peanut", "contains_sesame", "contains_shellfish", "contains_soy", "contains_tree_nut", "contains_wheat", "created_at", "description", "icon_path", "id", "is_liquid", "last_updated_at", "name", "volumetric", "warning") values (false, NULL, false, false, false, false, false, false, false, false, false, false, '1656163640', '', '', '2B4S0Gg1bPp4emlhXR3z3D3iEak', false, '1658597807', 'pinto beans', false, '');
insert into "valid_ingredients" ("animal_flesh", "archived_at", "contains_dairy", "contains_egg", "contains_fish", "contains_gluten", "contains_peanut", "contains_sesame", "contains_shellfish", "contains_soy", "contains_tree_nut", "contains_wheat", "created_at", "description", "icon_path", "id", "is_liquid", "last_updated_at", "name", "volumetric", "warning") values (false, NULL, false, false, false, false, false, false, false, false, false, false, '1660525081', '', '', '2DN2AxUNN5xnCRfNqQdeDuEG2so', false, NULL, 'cumin', false, '');
insert into "valid_ingredients" ("animal_flesh", "archived_at", "contains_dairy", "contains_egg", "contains_fish", "contains_gluten", "contains_peanut", "contains_sesame", "contains_shellfish", "contains_soy", "contains_tree_nut", "contains_wheat", "created_at", "description", "icon_path", "id", "is_liquid", "last_updated_at", "name", "volumetric", "warning") values (false, NULL, false, false, false, false, false, false, false, false, false, false, '1656264784', '', '', '2B7l0sGcDrHITuhj6qp3IgC2Zcj', false, '1658597821', 'mayocoba beans', false, '');
insert into "valid_ingredients" ("animal_flesh", "archived_at", "contains_dairy", "contains_egg", "contains_fish", "contains_gluten", "contains_peanut", "contains_sesame", "contains_shellfish", "contains_soy", "contains_tree_nut", "contains_wheat", "created_at", "description", "icon_path", "id", "is_liquid", "last_updated_at", "name", "volumetric", "warning") values (false, NULL, false, false, false, false, false, false, false, false, false, false, '1658598316', '', '', '2CM2pbHgWudbjIzL4YR8X4q9yiD', false, '1658598434', 'canned cooked black beans', false, '');
insert into "valid_ingredients" ("animal_flesh", "archived_at", "contains_dairy", "contains_egg", "contains_fish", "contains_gluten", "contains_peanut", "contains_sesame", "contains_shellfish", "contains_soy", "contains_tree_nut", "contains_wheat", "created_at", "description", "icon_path", "id", "is_liquid", "last_updated_at", "name", "volumetric", "warning") values (false, NULL, false, true, false, true, false, false, false, false, false, true, '1658599163', '', '', '2CM4XzPKesh4eEexXBXzQNUHMMU', false, NULL, 'dry spaghetti', false, '');
insert into "valid_ingredients" ("animal_flesh", "archived_at", "contains_dairy", "contains_egg", "contains_fish", "contains_gluten", "contains_peanut", "contains_sesame", "contains_shellfish", "contains_soy", "contains_tree_nut", "contains_wheat", "created_at", "description", "icon_path", "id", "is_liquid", "last_updated_at", "name", "volumetric", "warning") values (false, NULL, false, false, false, false, false, false, false, false, false, false, '1658599337', '', '', '2CM4trmWy1e3LX7iyFY9JppomhB', false, NULL, 'prepared pasta sauce', false, '');
insert into "valid_ingredients" ("animal_flesh", "archived_at", "contains_dairy", "contains_egg", "contains_fish", "contains_gluten", "contains_peanut", "contains_sesame", "contains_shellfish", "contains_soy", "contains_tree_nut", "contains_wheat", "created_at", "description", "icon_path", "id", "is_liquid", "last_updated_at", "name", "volumetric", "warning") values (false, NULL, false, false, false, true, false, false, false, false, false, false, '1658599680', '', '', '2CM5ax5mJdslJkWlYsA0WuuhG25', false, NULL, 'jasmine rice', false, '');
insert into "valid_ingredients" ("animal_flesh", "archived_at", "contains_dairy", "contains_egg", "contains_fish", "contains_gluten", "contains_peanut", "contains_sesame", "contains_shellfish", "contains_soy", "contains_tree_nut", "contains_wheat", "created_at", "description", "icon_path", "id", "is_liquid", "last_updated_at", "name", "volumetric", "warning") values (false, NULL, false, false, false, false, false, false, false, false, false, false, '1658599904', '', '', '2CM635AdFELpYA9QOwl6BQjFUUC', false, NULL, 'cardamom pod', false, '');
insert into "valid_ingredients" ("animal_flesh", "archived_at", "contains_dairy", "contains_egg", "contains_fish", "contains_gluten", "contains_peanut", "contains_sesame", "contains_shellfish", "contains_soy", "contains_tree_nut", "contains_wheat", "created_at", "description", "icon_path", "id", "is_liquid", "last_updated_at", "name", "volumetric", "warning") values (false, NULL, false, false, false, false, false, false, false, false, false, false, '1658599909', '', '', '2CM63g3kJSIvEcYTTvwg174LSfr', false, NULL, 'clove', false, '');
insert into "valid_ingredients" ("animal_flesh", "archived_at", "contains_dairy", "contains_egg", "contains_fish", "contains_gluten", "contains_peanut", "contains_sesame", "contains_shellfish", "contains_soy", "contains_tree_nut", "contains_wheat", "created_at", "description", "icon_path", "id", "is_liquid", "last_updated_at", "name", "volumetric", "warning") values (false, NULL, false, false, false, false, false, false, false, false, false, false, '1658599912', '', '', '2CM63zYfJxCaLL7gBvir3Z9tOMj', false, NULL, 'star anise', false, '');
insert into "valid_ingredients" ("animal_flesh", "archived_at", "contains_dairy", "contains_egg", "contains_fish", "contains_gluten", "contains_peanut", "contains_sesame", "contains_shellfish", "contains_soy", "contains_tree_nut", "contains_wheat", "created_at", "description", "icon_path", "id", "is_liquid", "last_updated_at", "name", "volumetric", "warning") values (false, NULL, false, false, false, false, false, false, false, false, false, false, '1658600044', '', '', '2CM6KgLpMbG84GDitYqBSWVtQ8y', false, NULL, 'MSG (monosodium glutamate)', false, '');
insert into "valid_ingredients" ("animal_flesh", "archived_at", "contains_dairy", "contains_egg", "contains_fish", "contains_gluten", "contains_peanut", "contains_sesame", "contains_shellfish", "contains_soy", "contains_tree_nut", "contains_wheat", "created_at", "description", "icon_path", "id", "is_liquid", "last_updated_at", "name", "volumetric", "warning") values (false, NULL, false, false, false, false, false, false, false, false, false, false, '1656357683', '', '', '2BAnJB5ISl74EcbtcGefCDSSPkR', false, '1658601583', 'salt', false, '');
insert into "valid_ingredients" ("animal_flesh", "archived_at", "contains_dairy", "contains_egg", "contains_fish", "contains_gluten", "contains_peanut", "contains_sesame", "contains_shellfish", "contains_soy", "contains_tree_nut", "contains_wheat", "created_at", "description", "icon_path", "id", "is_liquid", "last_updated_at", "name", "volumetric", "warning") values (false, '1658800845', false, false, false, false, false, false, false, false, false, false, '1658537778', '', '', '2CK47wHlfjXrN2shLy0VjRmctNk', false, NULL, 'hot water', false, '');
insert into "valid_ingredients" ("animal_flesh", "archived_at", "contains_dairy", "contains_egg", "contains_fish", "contains_gluten", "contains_peanut", "contains_sesame", "contains_shellfish", "contains_soy", "contains_tree_nut", "contains_wheat", "created_at", "description", "icon_path", "id", "is_liquid", "last_updated_at", "name", "volumetric", "warning") values (false, NULL, false, false, false, false, false, false, false, false, false, false, '1660525086', '', '', '2DN2BaQiIbFl82hvPGg4UG3i2gh', false, NULL, 'turmeric', false, '');
insert into "valid_ingredients" ("animal_flesh", "archived_at", "contains_dairy", "contains_egg", "contains_fish", "contains_gluten", "contains_peanut", "contains_sesame", "contains_shellfish", "contains_soy", "contains_tree_nut", "contains_wheat", "created_at", "description", "icon_path", "id", "is_liquid", "last_updated_at", "name", "volumetric", "warning") values (false, NULL, false, false, false, false, false, false, false, false, false, false, '1658379573', '', '', '2CEtSaOXxMMWqx4CW9YYyFWdUSo', true, '1658810961', 'vegetable oil', true, '');
insert into "valid_ingredients" ("animal_flesh", "archived_at", "contains_dairy", "contains_egg", "contains_fish", "contains_gluten", "contains_peanut", "contains_sesame", "contains_shellfish", "contains_soy", "contains_tree_nut", "contains_wheat", "created_at", "description", "icon_path", "id", "is_liquid", "last_updated_at", "name", "volumetric", "warning") values (false, NULL, false, false, false, false, false, false, false, false, false, false, '1658811374', '', '', '2CT0g4xdeaXNYDajqAANdXrtVqZ', true, NULL, 'lemon juice', true, '');
insert into "valid_ingredients" ("animal_flesh", "archived_at", "contains_dairy", "contains_egg", "contains_fish", "contains_gluten", "contains_peanut", "contains_sesame", "contains_shellfish", "contains_soy", "contains_tree_nut", "contains_wheat", "created_at", "description", "icon_path", "id", "is_liquid", "last_updated_at", "name", "volumetric", "warning") values (false, NULL, true, false, false, false, false, false, false, false, false, false, '1658811385', '', '', '2CT0hIMfBgzf4kEFs3NLc8qWmXr', false, NULL, 'ghee', false, '');
insert into "valid_ingredients" ("animal_flesh", "archived_at", "contains_dairy", "contains_egg", "contains_fish", "contains_gluten", "contains_peanut", "contains_sesame", "contains_shellfish", "contains_soy", "contains_tree_nut", "contains_wheat", "created_at", "description", "icon_path", "id", "is_liquid", "last_updated_at", "name", "volumetric", "warning") values (false, NULL, false, false, false, false, false, false, false, false, false, false, '1658811431', '', '', '2CT0n2DAYY5sckkVPUMRlgyRypo', false, NULL, 'cumin seeds', true, '');
insert into "valid_ingredients" ("animal_flesh", "archived_at", "contains_dairy", "contains_egg", "contains_fish", "contains_gluten", "contains_peanut", "contains_sesame", "contains_shellfish", "contains_soy", "contains_tree_nut", "contains_wheat", "created_at", "description", "icon_path", "id", "is_liquid", "last_updated_at", "name", "volumetric", "warning") values (false, NULL, false, false, false, false, false, false, false, false, false, false, '1658811394', '', '', '2CT0iQMCtxnUdE5xBmROB3ePc4H', false, '1658811437', 'black mustard seeds', true, '');
insert into "valid_ingredients" ("animal_flesh", "archived_at", "contains_dairy", "contains_egg", "contains_fish", "contains_gluten", "contains_peanut", "contains_sesame", "contains_shellfish", "contains_soy", "contains_tree_nut", "contains_wheat", "created_at", "description", "icon_path", "id", "is_liquid", "last_updated_at", "name", "volumetric", "warning") values (false, NULL, false, false, false, false, false, false, false, false, false, false, '1660525091', '', '', '2DN2C2I9gEpPoBbuukYxUBQJtBv', false, NULL, 'cayenne', false, '');
insert into "valid_ingredients" ("animal_flesh", "archived_at", "contains_dairy", "contains_egg", "contains_fish", "contains_gluten", "contains_peanut", "contains_sesame", "contains_shellfish", "contains_soy", "contains_tree_nut", "contains_wheat", "created_at", "description", "icon_path", "id", "is_liquid", "last_updated_at", "name", "volumetric", "warning") values (false, NULL, false, false, false, false, false, false, false, false, false, false, '1660525096', '', '', '2DN2CfpIHYrn7mmf6tjraxMNkyM', false, NULL, 'smoked paprika', false, '');
insert into "valid_ingredients" ("animal_flesh", "archived_at", "contains_dairy", "contains_egg", "contains_fish", "contains_gluten", "contains_peanut", "contains_sesame", "contains_shellfish", "contains_soy", "contains_tree_nut", "contains_wheat", "created_at", "description", "icon_path", "id", "is_liquid", "last_updated_at", "name", "volumetric", "warning") values (false, NULL, false, false, false, false, false, false, false, false, false, false, '1660525431', '', '', '2DN2slVuOp4b9xTIBrlp4h3s59v', false, NULL, 'garam masala', false, '');
insert into "valid_ingredients" ("animal_flesh", "archived_at", "contains_dairy", "contains_egg", "contains_fish", "contains_gluten", "contains_peanut", "contains_sesame", "contains_shellfish", "contains_soy", "contains_tree_nut", "contains_wheat", "created_at", "description", "icon_path", "id", "is_liquid", "last_updated_at", "name", "volumetric", "warning") values (false, NULL, false, false, false, false, false, false, false, false, false, false, '1660525801', '', '', '2DN3dN0URPJGCsqr0X6Pde0tIKF', true, '1660525803', 'olive oil', false, '');
insert into "valid_ingredients" ("animal_flesh", "archived_at", "contains_dairy", "contains_egg", "contains_fish", "contains_gluten", "contains_peanut", "contains_sesame", "contains_shellfish", "contains_soy", "contains_tree_nut", "contains_wheat", "created_at", "description", "icon_path", "id", "is_liquid", "last_updated_at", "name", "volumetric", "warning") values (false, NULL, false, false, false, false, false, false, false, false, false, false, '1660527526', '', '', '2DN788E0P2TVydjTLJBQPYbW956', false, NULL, 'cauliflower florets', false, '');
insert into "valid_ingredients" ("animal_flesh", "archived_at", "contains_dairy", "contains_egg", "contains_fish", "contains_gluten", "contains_peanut", "contains_sesame", "contains_shellfish", "contains_soy", "contains_tree_nut", "contains_wheat", "created_at", "description", "icon_path", "id", "is_liquid", "last_updated_at", "name", "volumetric", "warning") values (false, NULL, false, false, false, false, false, false, false, false, false, false, '1660527714', '', '', '2DN7VezfIvFgFGEQSIRYm6bsnoI', false, NULL, 'chickpea', false, '');
insert into "valid_ingredients" ("animal_flesh", "archived_at", "contains_dairy", "contains_egg", "contains_fish", "contains_gluten", "contains_peanut", "contains_sesame", "contains_shellfish", "contains_soy", "contains_tree_nut", "contains_wheat", "created_at", "description", "icon_path", "id", "is_liquid", "last_updated_at", "name", "volumetric", "warning") values (false, NULL, false, false, false, false, false, false, false, false, false, false, '1660527928', '', '', '2DN7wmxVxXvh7REbnsSZHnuoxv5', false, NULL, 'tomato sauce', false, '');
insert into "valid_ingredients" ("animal_flesh", "archived_at", "contains_dairy", "contains_egg", "contains_fish", "contains_gluten", "contains_peanut", "contains_sesame", "contains_shellfish", "contains_soy", "contains_tree_nut", "contains_wheat", "created_at", "description", "icon_path", "id", "is_liquid", "last_updated_at", "name", "volumetric", "warning") values (false, NULL, true, false, false, false, false, false, false, false, false, false, '1660528023', '', '', '2DN88darejEca77BCNIxQOBRsHf', false, NULL, 'heavy cream', false, '');

insert into "valid_preparation_instruments" ("archived_at", "created_at", "id", "last_updated_at", "notes", "valid_instrument_id", "valid_preparation_id") values (NULL, '1660273844', '2DEowYK63Ml7xqyJw9BBd3zEo0G', NULL, '', '29e2R6B3OOVXIVY4yOAISONZUHP', '2DEoumOAnmBGxXHX9swgVtv7lrr');
insert into "valid_preparation_instruments" ("archived_at", "created_at", "id", "last_updated_at", "notes", "valid_instrument_id", "valid_preparation_id") values (NULL, '1660274039', '2DEpL9HNpxS4HggpsYXTYFTIlYD', NULL, '', '29e3fZvnTtTfvs7RWwgPyh86RmS', '2DEpETyxXBZImwpAyoVFgwa4CUN');
insert into "valid_preparation_instruments" ("archived_at", "created_at", "id", "last_updated_at", "notes", "valid_instrument_id", "valid_preparation_id") values (NULL, '1660274836', '2DEqxAHpTFZhhGzsojq1NMcBSc3', NULL, '', '29e3gRERR6DzjKqskwdPEvFA0Ff', '2DEqg7p3ZDr3F50h8pT3LHJPUeo');
insert into "valid_preparation_instruments" ("archived_at", "created_at", "id", "last_updated_at", "notes", "valid_instrument_id", "valid_preparation_id") values (NULL, '1660356144', '2DHVl0BVlgRv1Y2JooRqZWvaL9u', NULL, '', '2DHVk3kzu9UrHUSIGt7AAa4GRmb', '2CK1ljlBJ8yBGmD198ffBqgfKup');
insert into "valid_preparation_instruments" ("archived_at", "created_at", "id", "last_updated_at", "notes", "valid_instrument_id", "valid_preparation_id") values (NULL, '1660356167', '2DHVnqJelGPLlGtThPRZqcYOU3b', NULL, '', '2DHVmAL80rOLLRKrDiliXbQ7VMl', '2CK1ljlBJ8yBGmD198ffBqgfKup');
insert into "valid_preparation_instruments" ("archived_at", "created_at", "id", "last_updated_at", "notes", "valid_instrument_id", "valid_preparation_id") values (NULL, '1660357305', '2DHY6wSLYEMTK8ik1PLgJAhMHTJ', NULL, '', '2DHY69clrVKZkqqTLFGj0YZV8jK', '2BAnOFDt15w57nmA0CYQsS5mEAK');
insert into "valid_preparation_instruments" ("archived_at", "created_at", "id", "last_updated_at", "notes", "valid_instrument_id", "valid_preparation_id") values (NULL, '1660357614', '2DHYjhA9Pi2nUIqwzCQLUrXSSoC', NULL, '', '2DHY69clrVKZkqqTLFGj0YZV8jK', '2BAnNIoErvFu5AfQKMOWr1NrWjI');
insert into "valid_preparation_instruments" ("archived_at", "created_at", "id", "last_updated_at", "notes", "valid_instrument_id", "valid_preparation_id") values (NULL, '1660357680', '2DHYryfXofgH9C5vuDFlueIGUpn', NULL, '', '2DHYrO51O3f0dsM8dhmwFsBxKYd', '2CK4U8ILYtzXeK4sQcThmFYuG8O');
insert into "valid_preparation_instruments" ("archived_at", "created_at", "id", "last_updated_at", "notes", "valid_instrument_id", "valid_preparation_id") values (NULL, '1660357684', '2DHYscufePCEfgSXZewxW1hqrww', NULL, '', '29e2R6B3OOVXIVY4yOAISONZUHP', '2CK4U8ILYtzXeK4sQcThmFYuG8O');
insert into "valid_preparation_instruments" ("archived_at", "created_at", "id", "last_updated_at", "notes", "valid_instrument_id", "valid_preparation_id") values (NULL, '1660357688', '2DHYt4z9Fya2Fargj0epTRLwVKI', NULL, '', '2DHVmAL80rOLLRKrDiliXbQ7VMl', '2CK4U8ILYtzXeK4sQcThmFYuG8O');
insert into "valid_preparation_instruments" ("archived_at", "created_at", "id", "last_updated_at", "notes", "valid_instrument_id", "valid_preparation_id") values (NULL, '1660357725', '2DHYxefczfFXcSEgGTvvjn2vVNc', NULL, '', '2DHY69clrVKZkqqTLFGj0YZV8jK', '2CK4Y4SRiUBIXa24EApAiHqTb65');
insert into "valid_preparation_instruments" ("archived_at", "created_at", "id", "last_updated_at", "notes", "valid_instrument_id", "valid_preparation_id") values (NULL, '1660357734', '2DHYynssmnTklCaQS29Cw5Kx4GN', NULL, '', '2DHYyGxKheY8D0PWHtnM3Lak83K', '2CK4Y4SRiUBIXa24EApAiHqTb65');
insert into "valid_preparation_instruments" ("archived_at", "created_at", "id", "last_updated_at", "notes", "valid_instrument_id", "valid_preparation_id") values (NULL, '1660357790', '2DHZ602HKR6me0IiqziFZkLw7DD', NULL, '', '2DHZ5UGZEAoYFamgxhyhsVd4i6i', '2CK4fKbRnfrzNZy8ioRGCRCLbOS');
insert into "valid_preparation_instruments" ("archived_at", "created_at", "id", "last_updated_at", "notes", "valid_instrument_id", "valid_preparation_id") values (NULL, '1660357876', '2DHZGaJXdW7s8Lkoo2Tv8Aw4AFq', NULL, '', '2DHYyGxKheY8D0PWHtnM3Lak83K', '2CSWEiIYdhJlyGJnPgr1pVcE0s0');
insert into "valid_preparation_instruments" ("archived_at", "created_at", "id", "last_updated_at", "notes", "valid_instrument_id", "valid_preparation_id") values (NULL, '1660357960', '2DHZRDF2TT8Ynbjwan5TEyaXU3A', NULL, '', '2DHZQD7M1CtuNpZKYdQw7SGw8fy', '2DHZMkT3jxC34pLWN7ZLuqSh1Ch');
insert into "valid_preparation_instruments" ("archived_at", "created_at", "id", "last_updated_at", "notes", "valid_instrument_id", "valid_preparation_id") values (NULL, '1660515078', '2DMhtnCVThXhMOYkI7mno3HZ0Gx', NULL, '', '2DMhtCfb35rvHkOCq5fEjDySMGF', '2BAnOFDt15w57nmA0CYQsS5mEAK');
insert into "valid_preparation_instruments" ("archived_at", "created_at", "id", "last_updated_at", "notes", "valid_instrument_id", "valid_preparation_id") values (NULL, '1660515110', '2DMhxqgfQYraYLJQBNHtOaxUmfS', NULL, '', '2DMhtCfb35rvHkOCq5fEjDySMGF', '29e2O2aRyQ7ALhd0OY6is3FSHsy');
insert into "valid_preparation_instruments" ("archived_at", "created_at", "id", "last_updated_at", "notes", "valid_instrument_id", "valid_preparation_id") values (NULL, '1660516467', '2DMkiJYeddampNE5b6PCu32Ejzz', NULL, '', '29e3e35iDFt2AZ2pceUHFlHjqWL', '29e2OdrqYRE3ubkGMp9t6iBILAR');
insert into "valid_preparation_instruments" ("archived_at", "created_at", "id", "last_updated_at", "notes", "valid_instrument_id", "valid_preparation_id") values (NULL, '1660516803', '2DMlOZIOcWus7d4tCn7gBhaX4Bh', NULL, '', '29e3e35iDFt2AZ2pceUHFlHjqWL', '2CM1MpH6kTFD8MtemIDWwtdFKao');
insert into "valid_preparation_instruments" ("archived_at", "created_at", "id", "last_updated_at", "notes", "valid_instrument_id", "valid_preparation_id") values (NULL, '1660516890', '2DMlZSUHEh0nYefCI2Zr7HWWhAH', NULL, '', '2DMlQSKparICbB9WZ2SnZlhRbYW', '2CM1MpH6kTFD8MtemIDWwtdFKao');
insert into "valid_preparation_instruments" ("archived_at", "created_at", "id", "last_updated_at", "notes", "valid_instrument_id", "valid_preparation_id") values (NULL, '1660516975', '2DMlkClo31tgqaLflI1q2jpiTwJ', NULL, '', '2DMljauva180pl5MhDMm92qQOag', '2CHPBcJoJOyyAulcaEsZOMnUWou');
insert into "valid_preparation_instruments" ("archived_at", "created_at", "id", "last_updated_at", "notes", "valid_instrument_id", "valid_preparation_id") values (NULL, '1660519754', '2DMrNXoot2NebAB46akm7f57t7S', NULL, '', '2DMrM2uvHUlxOlvmpRYCtVNxd5K', '2CHP3AtwmYi1q1QKKzvgksGMfIE');
insert into "valid_preparation_instruments" ("archived_at", "created_at", "id", "last_updated_at", "notes", "valid_instrument_id", "valid_preparation_id") values (NULL, '1660519763', '2DMrOUxkXW7Dm3vAGoXwZdWhwRo', NULL, '', '2DHY69clrVKZkqqTLFGj0YZV8jK', '2CHP3AtwmYi1q1QKKzvgksGMfIE');
insert into "valid_preparation_instruments" ("archived_at", "created_at", "id", "last_updated_at", "notes", "valid_instrument_id", "valid_preparation_id") values (NULL, '1660519822', '2DMrW2KaUqF05nmz9ENAFRhCqWa', NULL, '', '2DMlQSKparICbB9WZ2SnZlhRbYW', '2DMrV4Xolzk3aEraBUk7KYoAGNF');
insert into "valid_preparation_instruments" ("archived_at", "created_at", "id", "last_updated_at", "notes", "valid_instrument_id", "valid_preparation_id") values (NULL, '1660519827', '2DMrWYOeFw5IkcXSXAYmsV3n42v', NULL, '', '29e3e35iDFt2AZ2pceUHFlHjqWL', '2DMrV4Xolzk3aEraBUk7KYoAGNF');
insert into "valid_preparation_instruments" ("archived_at", "created_at", "id", "last_updated_at", "notes", "valid_instrument_id", "valid_preparation_id") values (NULL, '1660519966', '2DMro4KmNkwvlNgf9iyK10hwbtd', NULL, '', '2DMljauva180pl5MhDMm92qQOag', '2DHZMkT3jxC34pLWN7ZLuqSh1Ch');
insert into "valid_preparation_instruments" ("archived_at", "created_at", "id", "last_updated_at", "notes", "valid_instrument_id", "valid_preparation_id") values (NULL, '1660520228', '2DMsKxeINbMsfgYBrpI1NqKjn9c', NULL, '', '29e2R6B3OOVXIVY4yOAISONZUHP', '2CHO2mMmB6b4dtsG292AfYsJeNF');
insert into "valid_preparation_instruments" ("archived_at", "created_at", "id", "last_updated_at", "notes", "valid_instrument_id", "valid_preparation_id") values (NULL, '1660525630', '2DN3HmGbHNqE0VBUqX0o21UC6dT', NULL, '', '29e2R6B3OOVXIVY4yOAISONZUHP', '29e2HAByPDsIoynT0HJVIcarJGQ');
insert into "valid_preparation_instruments" ("archived_at", "created_at", "id", "last_updated_at", "notes", "valid_instrument_id", "valid_preparation_id") values (NULL, '1660525726', '2DN3TtfJs1zCUFEYob3j15ylwKL', NULL, '', '2DN3Rwf3fmYxl6NVHE57aLYCIHF', '2DN3Q1p0RXDw3F7twJt3kNQDLIC');
insert into "valid_preparation_instruments" ("archived_at", "created_at", "id", "last_updated_at", "notes", "valid_instrument_id", "valid_preparation_id") values (NULL, '1660525730', '2DN3UPpiJATsELWnUWECW7K8IPp', NULL, '', '2DN3RBxe5VNGP6p8x8xjJIMiDNL', '2DN3Q1p0RXDw3F7twJt3kNQDLIC');
insert into "valid_preparation_instruments" ("archived_at", "created_at", "id", "last_updated_at", "notes", "valid_instrument_id", "valid_preparation_id") values (NULL, '1660525970', '2DN3ycy2Cn0TlE6zzK7GSwtRaNe', NULL, '', '29e2R6B3OOVXIVY4yOAISONZUHP', '2CF4Wq8yS4yWHohUXAhPgOLHPwQ');
insert into "valid_preparation_instruments" ("archived_at", "created_at", "id", "last_updated_at", "notes", "valid_instrument_id", "valid_preparation_id") values (NULL, '1660527686', '2DN7SBkuLP3wTZAxsOAmqlh5wgL', NULL, '', '2DHY69clrVKZkqqTLFGj0YZV8jK', '2DN7DWRGuvOfnJDxylrdnhP3HCJ');
insert into "valid_preparation_instruments" ("archived_at", "created_at", "id", "last_updated_at", "notes", "valid_instrument_id", "valid_preparation_id") values (NULL, '1660527875', '2DN7q1ojRYOsHhL2u1QSj39lVVg', NULL, '', '2DN7odBESodO1GWhFcAn2aTfwPL', '2DN7Y2TmmC5KhPOHs4peeigm1hq');
insert into "valid_preparation_instruments" ("archived_at", "created_at", "id", "last_updated_at", "notes", "valid_instrument_id", "valid_preparation_id") values (NULL, '1660573894', '2DOd78OuiodRvcTb0XQeFCCotbg', NULL, '', '2DMhtCfb35rvHkOCq5fEjDySMGF', '2B4Rxrvts492QpHb8XJaPMkyqN2');
insert into "valid_preparation_instruments" ("archived_at", "created_at", "id", "last_updated_at", "notes", "valid_instrument_id", "valid_preparation_id") values (NULL, '1660574007', '2DOdLOXlIqjcrDewKMH0gfYhT1z', NULL, '', '2DOdHWlBDn55T2Meh2mFVp9wQFq', '2B4vYWSGm0iVPi9c8LXv5EFa7h4');

insert into "valid_ingredient_preparations" ("archived_at", "created_at", "id", "last_updated_at", "notes", "valid_ingredient_id", "valid_preparation_id") values (NULL, '1660101950', '2D9CX6zKJ2DLaX9pUhMeOImu60b', NULL, '', '29e1aTUQlzwyjy5rMb5cQSybaWq', '29e2O2aRyQ7ALhd0OY6is3FSHsy');
insert into "valid_ingredient_preparations" ("archived_at", "created_at", "id", "last_updated_at", "notes", "valid_ingredient_id", "valid_preparation_id") values (NULL, '1660156661', '2DAzQaxayHICXTW6KFgkDmASjSX', NULL, '', '29e1iG8OCeFoUqkVBTFhTrrCOrA', '2CF4Wq8yS4yWHohUXAhPgOLHPwQ');
insert into "valid_ingredient_preparations" ("archived_at", "created_at", "id", "last_updated_at", "notes", "valid_ingredient_id", "valid_preparation_id") values (NULL, '1660156665', '2DAzR9kqHysupF2XUqKkPbEtSaM', NULL, '', '29e1iG8OCeFoUqkVBTFhTrrCOrA', '29e2O2aRyQ7ALhd0OY6is3FSHsy');
insert into "valid_ingredient_preparations" ("archived_at", "created_at", "id", "last_updated_at", "notes", "valid_ingredient_id", "valid_preparation_id") values (NULL, '1660281982', '2DF5ROm9VMrhf0k9GYmh0CHIzix', NULL, '', '29e1O7egiZW5CqXyGXwEzp1oluC', '2DEoumOAnmBGxXHX9swgVtv7lrr');
insert into "valid_ingredient_preparations" ("archived_at", "created_at", "id", "last_updated_at", "notes", "valid_ingredient_id", "valid_preparation_id") values (NULL, '1660281986', '2DF5RsQbWTq6iB22neOMgHe4SoE', NULL, '', '29e1O7egiZW5CqXyGXwEzp1oluC', '29e2HAByPDsIoynT0HJVIcarJGQ');
insert into "valid_ingredient_preparations" ("archived_at", "created_at", "id", "last_updated_at", "notes", "valid_ingredient_id", "valid_preparation_id") values (NULL, '1660527739', '2DN7YqdiUuQNNDHpJu49N5htK6I', NULL, '', '2DN7VezfIvFgFGEQSIRYm6bsnoI', '2DN7Y2TmmC5KhPOHs4peeigm1hq');

insert into "valid_ingredient_measurement_units" ("archived_at", "created_at", "id", "last_updated_at", "notes", "valid_ingredient_id", "valid_measurement_unit_id") values (NULL, '1660101939', '2D9CVozKpSz87GLOzQvyOIDoI8H', NULL, '', '29e1aTUQlzwyjy5rMb5cQSybaWq', '2CUumLd5Vxnbp79O7ewWFTeEG8b');
insert into "valid_ingredient_measurement_units" ("archived_at", "created_at", "id", "last_updated_at", "notes", "valid_ingredient_id", "valid_measurement_unit_id") values (NULL, '1660156657', '2DAzPv0jLZAC5A3rLY829lpg8Sr', NULL, '', '29e1iG8OCeFoUqkVBTFhTrrCOrA', '2CUumLd5Vxnbp79O7ewWFTeEG8b');
insert into "valid_ingredient_measurement_units" ("archived_at", "created_at", "id", "last_updated_at", "notes", "valid_ingredient_id", "valid_measurement_unit_id") values (NULL, '1660273974', '2DEpCxNOdo79lbI3ocdt7pcoXQH', NULL, '', '2DEpBCMTAX4kQjqZjq8Lq42Q5yt', '2DEpCH1IQUvKeg5GsVCBeZKIr3u');
insert into "valid_ingredient_measurement_units" ("archived_at", "created_at", "id", "last_updated_at", "notes", "valid_ingredient_id", "valid_measurement_unit_id") values (NULL, '1660274102', '2DEpSzG1D259GaJY0VOYQBN0fAd', NULL, '', '29e1iG8OCeFoUqkVBTFhTrrCOrA', '2DEp1r7j4FWh2ZfWQpAohNqSJLu');
insert into "valid_ingredient_measurement_units" ("archived_at", "created_at", "id", "last_updated_at", "notes", "valid_ingredient_id", "valid_measurement_unit_id") values (NULL, '1660281976', '2DF5QQjf4nQ72f9JRIQpgXIj8Cu', NULL, '', '29e1O7egiZW5CqXyGXwEzp1oluC', '2CUumLd5Vxnbp79O7ewWFTeEG8b');
insert into "valid_ingredient_measurement_units" ("archived_at", "created_at", "id", "last_updated_at", "notes", "valid_ingredient_id", "valid_measurement_unit_id") values (NULL, '1660356194', '2DHVrEzvlrk65TTWiPymbS2gmvf', NULL, '', '2BAnE7ceyyZX8kpim28MvOHjNU0', '2CUumLd5Vxnbp79O7ewWFTeEG8b');
insert into "valid_ingredient_measurement_units" ("archived_at", "created_at", "id", "last_updated_at", "notes", "valid_ingredient_id", "valid_measurement_unit_id") values (NULL, '1660356204', '2DHVsVTbnqspLAVY3f1XDPXjyFl', NULL, '', '2BAnJB5ISl74EcbtcGefCDSSPkR', '2CUumLd5Vxnbp79O7ewWFTeEG8b');
insert into "valid_ingredient_measurement_units" ("archived_at", "created_at", "id", "last_updated_at", "notes", "valid_ingredient_id", "valid_measurement_unit_id") values (NULL, '1660356210', '2DHVtRQKHLM5Z6IN2Yj0DfPeJ0n', NULL, '', '2BAnLXVoWLJLXJjVasCi3gLmyLB', '2CUumLd5Vxnbp79O7ewWFTeEG8b');
insert into "valid_ingredient_measurement_units" ("archived_at", "created_at", "id", "last_updated_at", "notes", "valid_ingredient_id", "valid_measurement_unit_id") values (NULL, '1660356279', '2DHW1uLqTYeIAY35MDnEv0vLb9I', NULL, '', '2CLnktm5HhGQ7RcLLYWg6FJ8ent', '2CUumLd5Vxnbp79O7ewWFTeEG8b');
insert into "valid_ingredient_measurement_units" ("archived_at", "created_at", "id", "last_updated_at", "notes", "valid_ingredient_id", "valid_measurement_unit_id") values (NULL, '1660356295', '2DHW47X04gJNtOmkkwkhw8SPw2V', NULL, '', '2CK3oLXshhdcFCixqDFr5YTip8Z', '2CUumLd5Vxnbp79O7ewWFTeEG8b');
insert into "valid_ingredient_measurement_units" ("archived_at", "created_at", "id", "last_updated_at", "notes", "valid_ingredient_id", "valid_measurement_unit_id") values (NULL, '1660356753', '2DHWzZMTO0CW7z5nNRCJZ0eE6dE', NULL, '', '29e1LpCHEAVqhEytXFN4IjapLJ0', '2CUumLd5Vxnbp79O7ewWFTeEG8b');
insert into "valid_ingredient_measurement_units" ("archived_at", "created_at", "id", "last_updated_at", "notes", "valid_ingredient_id", "valid_measurement_unit_id") values (NULL, '1660358039', '2DHZb89Ac6AMvaltFdmkXOqdvKG', NULL, '', '2CEtSaOXxMMWqx4CW9YYyFWdUSo', '2CUumLd5Vxnbp79O7ewWFTeEG8b');
insert into "valid_ingredient_measurement_units" ("archived_at", "created_at", "id", "last_updated_at", "notes", "valid_ingredient_id", "valid_measurement_unit_id") values (NULL, '1660515154', '2DMi3O5L3hjQmpMldsE7oUPvFRA', NULL, '', '2CErqeGvonrG7iLdIyaJ1YmoJr5', '2CUumLd5Vxnbp79O7ewWFTeEG8b');
insert into "valid_ingredient_measurement_units" ("archived_at", "created_at", "id", "last_updated_at", "notes", "valid_ingredient_id", "valid_measurement_unit_id") values (NULL, '1660515197', '2DMi8isqaZrPETyLRCQjiQD7chy', NULL, '', '29e1jZ8p2Kfy40F6XHCtyPXubkv', '2CUumLd5Vxnbp79O7ewWFTeEG8b');
insert into "valid_ingredient_measurement_units" ("archived_at", "created_at", "id", "last_updated_at", "notes", "valid_ingredient_id", "valid_measurement_unit_id") values (NULL, '1660515698', '2DMj9e7tvrFRB4l0ENBDrLGutHg', NULL, '', '2CEtMkbQfNAgbiIsyKn24P5Uk9e', '2CUumLd5Vxnbp79O7ewWFTeEG8b');
insert into "valid_ingredient_measurement_units" ("archived_at", "created_at", "id", "last_updated_at", "notes", "valid_ingredient_id", "valid_measurement_unit_id") values (NULL, '1660515709', '2DMjB2hkacJwtquSMkuoUtDMs3n', NULL, '', '29e1kh8Pll1QHI62ej4X5yo3wjN', '2CUumLd5Vxnbp79O7ewWFTeEG8b');
insert into "valid_ingredient_measurement_units" ("archived_at", "created_at", "id", "last_updated_at", "notes", "valid_ingredient_id", "valid_measurement_unit_id") values (NULL, '1660515716', '2DMjC4iQVKkN7uWdCDpzYAnlJ9h', NULL, '', '29e1o9l35f80KCvmngzKCId3Pmn', '2CUumLd5Vxnbp79O7ewWFTeEG8b');
insert into "valid_ingredient_measurement_units" ("archived_at", "created_at", "id", "last_updated_at", "notes", "valid_ingredient_id", "valid_measurement_unit_id") values (NULL, '1660515721', '2DMjCeJaqHtTMgwOGcpQXyTOGWT', NULL, '', '29e1pzP17bqe8Y3mWJ8ci2JAtH4', '2CUumLd5Vxnbp79O7ewWFTeEG8b');
insert into "valid_ingredient_measurement_units" ("archived_at", "created_at", "id", "last_updated_at", "notes", "valid_ingredient_id", "valid_measurement_unit_id") values (NULL, '1660515728', '2DMjDUKYWO2ZbOiII9gjmrCfbPf', NULL, '', '29e1QjIDbjWkuU1OKw1VojpiFI0', '2CUumLd5Vxnbp79O7ewWFTeEG8b');
insert into "valid_ingredient_measurement_units" ("archived_at", "created_at", "id", "last_updated_at", "notes", "valid_ingredient_id", "valid_measurement_unit_id") values (NULL, '1660515732', '2DMjE3ShKNuSWfFvMIls4wdmHb8', NULL, '', '2B4S0Gg1bPp4emlhXR3z3D3iEak', '2CUumLd5Vxnbp79O7ewWFTeEG8b');
insert into "valid_ingredient_measurement_units" ("archived_at", "created_at", "id", "last_updated_at", "notes", "valid_ingredient_id", "valid_measurement_unit_id") values (NULL, '1660515736', '2DMjEYlx8aRCUkYioLt8RhJZMAt', NULL, '', '2B7l0sGcDrHITuhj6qp3IgC2Zcj', '2CUumLd5Vxnbp79O7ewWFTeEG8b');
insert into "valid_ingredient_measurement_units" ("archived_at", "created_at", "id", "last_updated_at", "notes", "valid_ingredient_id", "valid_measurement_unit_id") values (NULL, '1660515749', '2DMjGF9hjWc2a4pCTgwR8lu8Hvi', NULL, '', '2CHOKAxQYljw7QyIIcvSdd4dBb4', '2CUumLd5Vxnbp79O7ewWFTeEG8b');
insert into "valid_ingredient_measurement_units" ("archived_at", "created_at", "id", "last_updated_at", "notes", "valid_ingredient_id", "valid_measurement_unit_id") values (NULL, '1660515754', '2DMjGhub4yl5XIzxDqlTImFd1rT', NULL, '', '2CHOzLE0Pud3SndR0TgszgKneKf', '2CUumLd5Vxnbp79O7ewWFTeEG8b');
insert into "valid_ingredient_measurement_units" ("archived_at", "created_at", "id", "last_updated_at", "notes", "valid_ingredient_id", "valid_measurement_unit_id") values (NULL, '1660515761', '2DMjHdgKntp9MAOzS8oO66xAsId', NULL, '', '2CK3rqFrF9jwemtb8K6uS4cNMvD', '2CUumLd5Vxnbp79O7ewWFTeEG8b');
insert into "valid_ingredient_measurement_units" ("archived_at", "created_at", "id", "last_updated_at", "notes", "valid_ingredient_id", "valid_measurement_unit_id") values (NULL, '1660515770', '2DMjImN9P4rTg8ZIXcO8anSSsZG', NULL, '', '2CM1juWdv4pvV3sHleveTV0zgSU', '2CUumLd5Vxnbp79O7ewWFTeEG8b');
insert into "valid_ingredient_measurement_units" ("archived_at", "created_at", "id", "last_updated_at", "notes", "valid_ingredient_id", "valid_measurement_unit_id") values (NULL, '1660515785', '2DMjKkC5R6FMPrTJHktHghPPOb7', NULL, '', '2CM6KgLpMbG84GDitYqBSWVtQ8y', '2CUumLd5Vxnbp79O7ewWFTeEG8b');
insert into "valid_ingredient_measurement_units" ("archived_at", "created_at", "id", "last_updated_at", "notes", "valid_ingredient_id", "valid_measurement_unit_id") values (NULL, '1660515791', '2DMjLVRswpQT1wqio1ErE9e5New', NULL, '', '2CT0iQMCtxnUdE5xBmROB3ePc4H', '2CUumLd5Vxnbp79O7ewWFTeEG8b');
insert into "valid_ingredient_measurement_units" ("archived_at", "created_at", "id", "last_updated_at", "notes", "valid_ingredient_id", "valid_measurement_unit_id") values (NULL, '1660515796', '2DMjMB4b8YsdXxYai6TggT7PQQK', NULL, '', '2CT0hIMfBgzf4kEFs3NLc8qWmXr', '2CUumLd5Vxnbp79O7ewWFTeEG8b');
insert into "valid_ingredient_measurement_units" ("archived_at", "created_at", "id", "last_updated_at", "notes", "valid_ingredient_id", "valid_measurement_unit_id") values (NULL, '1660520266', '2DMsPk7LH2nNVgngGlB7oqZ84Fx', NULL, '', '2DMsNIYcrGllqg3RH9NRS57S1ME', '2DMsP0MxkVxbBswQdvBu7dOdOgF');
insert into "valid_ingredient_measurement_units" ("archived_at", "created_at", "id", "last_updated_at", "notes", "valid_ingredient_id", "valid_measurement_unit_id") values (NULL, '1660525208', '2DN2Qw6tLVHABVXYVKGwVgFCv3a', NULL, '', '2DN2AxUNN5xnCRfNqQdeDuEG2so', '2CUumPXMn2nesduGGX7h6B8IV7e');
insert into "valid_ingredient_measurement_units" ("archived_at", "created_at", "id", "last_updated_at", "notes", "valid_ingredient_id", "valid_measurement_unit_id") values (NULL, '1660525214', '2DN2RXbvyS2AlpSiCtCKQQ7lNve', NULL, '', '2DN2BaQiIbFl82hvPGg4UG3i2gh', '2CUumPXMn2nesduGGX7h6B8IV7e');
insert into "valid_ingredient_measurement_units" ("archived_at", "created_at", "id", "last_updated_at", "notes", "valid_ingredient_id", "valid_measurement_unit_id") values (NULL, '1660525225', '2DN2T2MDq0fMnr1fMG9urTgumXO', NULL, '', '2DN2C2I9gEpPoBbuukYxUBQJtBv', '2CUumPXMn2nesduGGX7h6B8IV7e');
insert into "valid_ingredient_measurement_units" ("archived_at", "created_at", "id", "last_updated_at", "notes", "valid_ingredient_id", "valid_measurement_unit_id") values (NULL, '1660525229', '2DN2Tb6Qd7G0PzxmlfxX0mQqHfa', NULL, '', '2DN2CfpIHYrn7mmf6tjraxMNkyM', '2CUumPXMn2nesduGGX7h6B8IV7e');
insert into "valid_ingredient_measurement_units" ("archived_at", "created_at", "id", "last_updated_at", "notes", "valid_ingredient_id", "valid_measurement_unit_id") values (NULL, '1660525436', '2DN2tXdOCrdPV0kYwsoU0Wpj9dS', NULL, '', '2DN2slVuOp4b9xTIBrlp4h3s59v', '2CUumM34fwvbuzbPxb3z53GwANs');
insert into "valid_ingredient_measurement_units" ("archived_at", "created_at", "id", "last_updated_at", "notes", "valid_ingredient_id", "valid_measurement_unit_id") values (NULL, '1660525440', '2DN2twRcXoIQIaCumy740DuuF9U', NULL, '', '2DN2slVuOp4b9xTIBrlp4h3s59v', '2CUumPXMn2nesduGGX7h6B8IV7e');
insert into "valid_ingredient_measurement_units" ("archived_at", "created_at", "id", "last_updated_at", "notes", "valid_ingredient_id", "valid_measurement_unit_id") values (NULL, '1660525500', '2DN31Z6ZL7MXNKHC2aGHEDuZZqG', NULL, '', '2BAnJB5ISl74EcbtcGefCDSSPkR', '2CUumPXMn2nesduGGX7h6B8IV7e');
insert into "valid_ingredient_measurement_units" ("archived_at", "created_at", "id", "last_updated_at", "notes", "valid_ingredient_id", "valid_measurement_unit_id") values (NULL, '1660525503', '2DN31tmfaQ03HR2Rg4yyb7OQzFU', NULL, '', '2BAnJB5ISl74EcbtcGefCDSSPkR', '2CUumM34fwvbuzbPxb3z53GwANs');
insert into "valid_ingredient_measurement_units" ("archived_at", "created_at", "id", "last_updated_at", "notes", "valid_ingredient_id", "valid_measurement_unit_id") values (NULL, '1660525656', '2DN3LGGRxNYuHGKTIUm3jX1RQTU', NULL, '', '2CM1juWdv4pvV3sHleveTV0zgSU', '2CUumOxYpP5N2I0Nb0nYqwbECI0');
insert into "valid_ingredient_measurement_units" ("archived_at", "created_at", "id", "last_updated_at", "notes", "valid_ingredient_id", "valid_measurement_unit_id") values (NULL, '1660525807', '2DN3e1c7zUDtmEqG3imQceDMrOI', NULL, '', '2DN3dN0URPJGCsqr0X6Pde0tIKF', '2CUumPXMn2nesduGGX7h6B8IV7e');
insert into "valid_ingredient_measurement_units" ("archived_at", "created_at", "id", "last_updated_at", "notes", "valid_ingredient_id", "valid_measurement_unit_id") values (NULL, '1660525809', '2DN3eP2o7sk9BYICaralz5O5kUT', NULL, '', '2DN3dN0URPJGCsqr0X6Pde0tIKF', '2CUumM34fwvbuzbPxb3z53GwANs');
insert into "valid_ingredient_measurement_units" ("archived_at", "created_at", "id", "last_updated_at", "notes", "valid_ingredient_id", "valid_measurement_unit_id") values (NULL, '1660525813', '2DN3ex00eIzAkAm7aVHPTuzq9Qr', NULL, '', '2DN3dN0URPJGCsqr0X6Pde0tIKF', '2CUumRVyVpKSZ8bYf3MVnYcqFQf');
insert into "valid_ingredient_measurement_units" ("archived_at", "created_at", "id", "last_updated_at", "notes", "valid_ingredient_id", "valid_measurement_unit_id") values (NULL, '1660525816', '2DN3fEVQWUH3Vb4P4z2FdaBuIp7', NULL, '', '2DN3dN0URPJGCsqr0X6Pde0tIKF', '2CUumLd5Vxnbp79O7ewWFTeEG8b');
insert into "valid_ingredient_measurement_units" ("archived_at", "created_at", "id", "last_updated_at", "notes", "valid_ingredient_id", "valid_measurement_unit_id") values (NULL, '1660525999', '2DN42IdiGKWbezortEOfADP1rRj', NULL, '', '29e1iG8OCeFoUqkVBTFhTrrCOrA', '2CUumT5hzcIrvYpEDmrRmgrpi8J');
insert into "valid_ingredient_measurement_units" ("archived_at", "created_at", "id", "last_updated_at", "notes", "valid_ingredient_id", "valid_measurement_unit_id") values (NULL, '1660527544', '2DN7AWe4uvIxbT5Y5OQEbObnCRH', NULL, '', '2DN788E0P2TVydjTLJBQPYbW956', '2DN79fZhNvLniJQnLimRkFeFfeQ');
insert into "valid_ingredient_measurement_units" ("archived_at", "created_at", "id", "last_updated_at", "notes", "valid_ingredient_id", "valid_measurement_unit_id") values (NULL, '1660527717', '2DN7WFZc6JDq2HSxdF694hiXpDT', NULL, '', '2DN7VezfIvFgFGEQSIRYm6bsnoI', '2CUumO7M5l6dLlRNZ1iG28GH2Sw');
insert into "valid_ingredient_measurement_units" ("archived_at", "created_at", "id", "last_updated_at", "notes", "valid_ingredient_id", "valid_measurement_unit_id") values (NULL, '1660527721', '2DN7Wdb29HypU07hgfrhqyDiwjK', NULL, '', '2DN7VezfIvFgFGEQSIRYm6bsnoI', '2CUumLd5Vxnbp79O7ewWFTeEG8b');
insert into "valid_ingredient_measurement_units" ("archived_at", "created_at", "id", "last_updated_at", "notes", "valid_ingredient_id", "valid_measurement_unit_id") values (NULL, '1660527931', '2DN7x8igLXzk6QWIMrOVIXY3nko', NULL, '', '2DN7wmxVxXvh7REbnsSZHnuoxv5', '2CUumO7M5l6dLlRNZ1iG28GH2Sw');
insert into "valid_ingredient_measurement_units" ("archived_at", "created_at", "id", "last_updated_at", "notes", "valid_ingredient_id", "valid_measurement_unit_id") values (NULL, '1660528034', '2DN8A2cSoQvNzDXGSwJKHbBw5FA', NULL, '', '2DN88darejEca77BCNIxQOBRsHf', '2CUumLd5Vxnbp79O7ewWFTeEG8b');
insert into "valid_ingredient_measurement_units" ("archived_at", "created_at", "id", "last_updated_at", "notes", "valid_ingredient_id", "valid_measurement_unit_id") values (NULL, '1660528037', '2DN8AQw4eCBjKZj497xQdOCQ8m7', NULL, '', '2DN88darejEca77BCNIxQOBRsHf', '2CUumP2No8mYzti8SY0QHgAdgv7');
insert into "valid_ingredient_measurement_units" ("archived_at", "created_at", "id", "last_updated_at", "notes", "valid_ingredient_id", "valid_measurement_unit_id") values (NULL, '1660574037', '2DOdP3MGbVFL8qArcBNHvrDY2Hi', NULL, '', '29e1LpCHEAVqhEytXFN4IjapLJ0', '2CUumP2No8mYzti8SY0QHgAdgv7');
insert into "valid_ingredient_measurement_units" ("archived_at", "created_at", "id", "last_updated_at", "notes", "valid_ingredient_id", "valid_measurement_unit_id") values (NULL, '1660574224', '2DOdmbxnUVHOuTkEC9LXSHEORlo', NULL, '', '2CLnpflsTjUluouTNIcMOpVrGgr', '2DOdm25s7LPl6VbH7Xw6nINljOP');

insert into "recipes" ("archived_at", "created_by_user", "created_at", "description", "id", "inspired_by_recipe_id", "last_updated_at", "name", "source") values (NULL, '', '1660358121', '', '2DHZlTx1l4tOgGc6b5KhnSMKtIx', NULL, NULL, 'Simple Tortillas', 'https://www.kingarthurbaking.com/recipes/simple-tortillas-recipe');
insert into "recipes" ("archived_at", "created_by_user", "created_at", "description", "id", "inspired_by_recipe_id", "last_updated_at", "name", "source") values (NULL, '', '1660520356', '', '2DMsb3m7FUSknuQYza9Ogl33N4T', NULL, NULL, 'Cheese Buldak', 'https://www.maangchi.com/recipe/buldak');
insert into "recipes" ("archived_at", "created_by_user", "created_at", "description", "id", "inspired_by_recipe_id", "last_updated_at", "name", "source") values (NULL, '', '1660528097', '', '2DN8HovNHtbQiT7x4mj7kXVKich', NULL, NULL, 'Cauliflower and Chickpea Masala', 'https://www.budgetbytes.com/easy-cauliflower-and-chickpea-masala/');
insert into "recipes" ("archived_at", "created_by_user", "created_at", "description", "id", "inspired_by_recipe_id", "last_updated_at", "name", "source") values (NULL, '', '1660574335', '', '2DOe0cbzTdf4kSFuziApquFYzsE', NULL, NULL, 'Sopa de Frijol', '');

insert into "recipe_steps" ("archived_at", "belongs_to_recipe", "created_at", "id", "index", "last_updated_at", "maximum_estimated_time_in_seconds", "maximum_temperature_in_celsius", "minimum_estimated_time_in_seconds", "minimum_temperature_in_celsius", "notes", "optional", "preparation_id") values (NULL, '2DHZlTx1l4tOgGc6b5KhnSMKtIx', '1660358121', '2DHZlVb6fTwIZc41wuCrS4CewyT', 0, NULL, '0', NULL, '0', NULL, '', false, '2CK1ljlBJ8yBGmD198ffBqgfKup');
insert into "recipe_steps" ("archived_at", "belongs_to_recipe", "created_at", "id", "index", "last_updated_at", "maximum_estimated_time_in_seconds", "maximum_temperature_in_celsius", "minimum_estimated_time_in_seconds", "minimum_temperature_in_celsius", "notes", "optional", "preparation_id") values (NULL, '2DHZlTx1l4tOgGc6b5KhnSMKtIx', '1660358121', '2DHZlUsOtGn74ZnPIfXFyGX2keL', 1, NULL, '0', NULL, '0', NULL, 'Use your fingers or a pastry blender to work the fat into the flour until it disappears. Coating most of the flour with fat inhibits gluten formation, making the tortillas easier to roll out.', false, '2BAnOFDt15w57nmA0CYQsS5mEAK');
insert into "recipe_steps" ("archived_at", "belongs_to_recipe", "created_at", "id", "index", "last_updated_at", "maximum_estimated_time_in_seconds", "maximum_temperature_in_celsius", "minimum_estimated_time_in_seconds", "minimum_temperature_in_celsius", "notes", "optional", "preparation_id") values (NULL, '2DHZlTx1l4tOgGc6b5KhnSMKtIx', '1660358121', '2DHZlYv3NoxrzYCrPVr9ytHBuea', 2, NULL, '0', NULL, '0', NULL, 'Stir briskly with a fork or whisk to bring the dough together into a shaggy mass. Stir in additional water as needed to bring the dough together.', false, '2BAnOFDt15w57nmA0CYQsS5mEAK');
insert into "recipe_steps" ("archived_at", "belongs_to_recipe", "created_at", "id", "index", "last_updated_at", "maximum_estimated_time_in_seconds", "maximum_temperature_in_celsius", "minimum_estimated_time_in_seconds", "minimum_temperature_in_celsius", "notes", "optional", "preparation_id") values (NULL, '2DHZlTx1l4tOgGc6b5KhnSMKtIx', '1660358121', '2DHZlYbATYTZNoH0S9RMK7GzCnP', 3, NULL, '0', NULL, '0', NULL, 'Knead briefly, just until the dough forms a ball. If the dough is very sticky, gradually add a bit more flour.', false, '2BAnNIoErvFu5AfQKMOWr1NrWjI');
insert into "recipe_steps" ("archived_at", "belongs_to_recipe", "created_at", "id", "index", "last_updated_at", "maximum_estimated_time_in_seconds", "maximum_temperature_in_celsius", "minimum_estimated_time_in_seconds", "minimum_temperature_in_celsius", "notes", "optional", "preparation_id") values (NULL, '2DHZlTx1l4tOgGc6b5KhnSMKtIx', '1660358121', '2DHZlUFWpcgC9R724jSesnX5ccF', 4, NULL, '0', NULL, '0', NULL, '', false, '2CK4U8ILYtzXeK4sQcThmFYuG8O');
insert into "recipe_steps" ("archived_at", "belongs_to_recipe", "created_at", "id", "index", "last_updated_at", "maximum_estimated_time_in_seconds", "maximum_temperature_in_celsius", "minimum_estimated_time_in_seconds", "minimum_temperature_in_celsius", "notes", "optional", "preparation_id") values (NULL, '2DHZlTx1l4tOgGc6b5KhnSMKtIx', '1660358121', '2DHZlY0f2hnaTVFPBeEOI3Cju76', 5, NULL, '0', NULL, '0', NULL, 'Round the pieces into balls, flatten slightly.', false, '2CK4Y4SRiUBIXa24EApAiHqTb65');
insert into "recipe_steps" ("archived_at", "belongs_to_recipe", "created_at", "id", "index", "last_updated_at", "maximum_estimated_time_in_seconds", "maximum_temperature_in_celsius", "minimum_estimated_time_in_seconds", "minimum_temperature_in_celsius", "notes", "optional", "preparation_id") values (NULL, '2DHZlTx1l4tOgGc6b5KhnSMKtIx', '1660358121', '2DHZlaopKfT3TYGqMlhb9efYOxH', 6, NULL, '0', NULL, '1800', NULL, 'If you wish, coat each ball lightly in oil before covering; this ensures the dough doesn''t dry out.', false, '2CK4fKbRnfrzNZy8ioRGCRCLbOS');
insert into "recipe_steps" ("archived_at", "belongs_to_recipe", "created_at", "id", "index", "last_updated_at", "maximum_estimated_time_in_seconds", "maximum_temperature_in_celsius", "minimum_estimated_time_in_seconds", "minimum_temperature_in_celsius", "notes", "optional", "preparation_id") values (NULL, '2DHZlTx1l4tOgGc6b5KhnSMKtIx', '1660358121', '2DHZlVpvuCbUY39FVri0AzbXJ3I', 7, NULL, '0', NULL, '0', NULL, '"While the dough rests, preheat an ungreased cast iron griddle or skillet over medium high heat, about 400F."', false, '2DHZMkT3jxC34pLWN7ZLuqSh1Ch');
insert into "recipe_steps" ("archived_at", "belongs_to_recipe", "created_at", "id", "index", "last_updated_at", "maximum_estimated_time_in_seconds", "maximum_temperature_in_celsius", "minimum_estimated_time_in_seconds", "minimum_temperature_in_celsius", "notes", "optional", "preparation_id") values (NULL, '2DHZlTx1l4tOgGc6b5KhnSMKtIx', '1660358121', '2DHZlYytAFj4gfFneodV7bkfMUl', 8, NULL, '0', NULL, '0', NULL, 'Wrap the tortilla in a clean cloth when it comes off the griddle, to keep it pliable.', false, '2CK4eZnXzr9xDKtlLOBKCEQYzrv');
insert into "recipe_steps" ("archived_at", "belongs_to_recipe", "created_at", "id", "index", "last_updated_at", "maximum_estimated_time_in_seconds", "maximum_temperature_in_celsius", "minimum_estimated_time_in_seconds", "minimum_temperature_in_celsius", "notes", "optional", "preparation_id") values (NULL, '2DMsb3m7FUSknuQYza9Ogl33N4T', '1660520356', '2DMsb0htf1Yx8CBCnKTZIP14MR5', 0, NULL, '0', NULL, '0', NULL, '', false, '2DEoumOAnmBGxXHX9swgVtv7lrr');
insert into "recipe_steps" ("archived_at", "belongs_to_recipe", "created_at", "id", "index", "last_updated_at", "maximum_estimated_time_in_seconds", "maximum_temperature_in_celsius", "minimum_estimated_time_in_seconds", "minimum_temperature_in_celsius", "notes", "optional", "preparation_id") values (NULL, '2DMsb3m7FUSknuQYza9Ogl33N4T', '1660520356', '2DMsb4xCDoPQvYn2015tm9i4wuR', 1, NULL, '0', NULL, '0', NULL, 'Combine hot pepper flakes, hot pepper paste, soy sauce, vegetable oil, ground black pepper, rice syrup, garlic, and ginger in a bowl. Mix it well into a sweet and spicy paste.', false, '2BAnOFDt15w57nmA0CYQsS5mEAK');
insert into "recipe_steps" ("archived_at", "belongs_to_recipe", "created_at", "id", "index", "last_updated_at", "maximum_estimated_time_in_seconds", "maximum_temperature_in_celsius", "minimum_estimated_time_in_seconds", "minimum_temperature_in_celsius", "notes", "optional", "preparation_id") values (NULL, '2DMsb3m7FUSknuQYza9Ogl33N4T', '1660520356', '2DMsb4X9LAwkvD0LvDKCw3fFY5f', 2, NULL, '0', NULL, '0', NULL, '', false, '29e2O2aRyQ7ALhd0OY6is3FSHsy');
insert into "recipe_steps" ("archived_at", "belongs_to_recipe", "created_at", "id", "index", "last_updated_at", "maximum_estimated_time_in_seconds", "maximum_temperature_in_celsius", "minimum_estimated_time_in_seconds", "minimum_temperature_in_celsius", "notes", "optional", "preparation_id") values (NULL, '2DMsb3m7FUSknuQYza9Ogl33N4T', '1660520356', '2DMsb4rrFawXpIlfyOum97MEjyW', 3, NULL, '0', NULL, '0', NULL, 'Add the sliced rice cakes and fry them for a few minutes. Turn them over with a spatula once or twice until both sides are crispy and light golden brown.', false, '29e2OdrqYRE3ubkGMp9t6iBILAR');
insert into "recipe_steps" ("archived_at", "belongs_to_recipe", "created_at", "id", "index", "last_updated_at", "maximum_estimated_time_in_seconds", "maximum_temperature_in_celsius", "minimum_estimated_time_in_seconds", "minimum_temperature_in_celsius", "notes", "optional", "preparation_id") values (NULL, '2DMsb3m7FUSknuQYza9Ogl33N4T', '1660520356', '2DMsb1VMdEkRDrUaFagnsp4xHwD', 4, NULL, '0', NULL, '600', NULL, 'Use the water to rinse the bowl and get the last of the sauce into the pan. Cover and cook over medium high heat for 10 minutes. Be sure not to burn the chicken.', false, '2CM1MpH6kTFD8MtemIDWwtdFKao');
insert into "recipe_steps" ("archived_at", "belongs_to_recipe", "created_at", "id", "index", "last_updated_at", "maximum_estimated_time_in_seconds", "maximum_temperature_in_celsius", "minimum_estimated_time_in_seconds", "minimum_temperature_in_celsius", "notes", "optional", "preparation_id") values (NULL, '2DMsb3m7FUSknuQYza9Ogl33N4T', '1660520356', '2DMsb4fYqDk2JRcGvyZ4Yt1hzNd', 5, NULL, '0', NULL, '0', NULL, 'Uncover, stir and turn over the chicken with a wooden spoon. Add the rice cakes to the top of the chicken.', false, '2CHP3AtwmYi1q1QKKzvgksGMfIE');
insert into "recipe_steps" ("archived_at", "belongs_to_recipe", "created_at", "id", "index", "last_updated_at", "maximum_estimated_time_in_seconds", "maximum_temperature_in_celsius", "minimum_estimated_time_in_seconds", "minimum_temperature_in_celsius", "notes", "optional", "preparation_id") values (NULL, '2DMsb3m7FUSknuQYza9Ogl33N4T', '1660520356', '2DMsb0DPlgGGxvcHITZ9yGnOIZi', 6, NULL, '0', NULL, '600', NULL, 'Turn down the heat very low. Cover and let cook another 10 minutes, until the chicken is fully cooked.', false, '2DMrV4Xolzk3aEraBUk7KYoAGNF');
insert into "recipe_steps" ("archived_at", "belongs_to_recipe", "created_at", "id", "index", "last_updated_at", "maximum_estimated_time_in_seconds", "maximum_temperature_in_celsius", "minimum_estimated_time_in_seconds", "minimum_temperature_in_celsius", "notes", "optional", "preparation_id") values (NULL, '2DMsb3m7FUSknuQYza9Ogl33N4T', '1660520356', '2DMsb5VaUqQ1g3AXQpopnNnFnNI', 7, NULL, '0', 260, '0', 260, '', false, '2DHZMkT3jxC34pLWN7ZLuqSh1Ch');
insert into "recipe_steps" ("archived_at", "belongs_to_recipe", "created_at", "id", "index", "last_updated_at", "maximum_estimated_time_in_seconds", "maximum_temperature_in_celsius", "minimum_estimated_time_in_seconds", "minimum_temperature_in_celsius", "notes", "optional", "preparation_id") values (NULL, '2DMsb3m7FUSknuQYza9Ogl33N4T', '1660520356', '2DMsb6PNK4I3v7GflMWEXTMtDFe', 8, NULL, '0', NULL, '0', NULL, 'When the chicken is cooked, put the cheese over the top. ', false, '2CHP3AtwmYi1q1QKKzvgksGMfIE');
insert into "recipe_steps" ("archived_at", "belongs_to_recipe", "created_at", "id", "index", "last_updated_at", "maximum_estimated_time_in_seconds", "maximum_temperature_in_celsius", "minimum_estimated_time_in_seconds", "minimum_temperature_in_celsius", "notes", "optional", "preparation_id") values (NULL, '2DMsb3m7FUSknuQYza9Ogl33N4T', '1660520356', '2DMsb4MxlFiQnrZQXgVPlfwSJac', 9, NULL, '0', NULL, '300', NULL, '', false, '2CHPBcJoJOyyAulcaEsZOMnUWou');
insert into "recipe_steps" ("archived_at", "belongs_to_recipe", "created_at", "id", "index", "last_updated_at", "maximum_estimated_time_in_seconds", "maximum_temperature_in_celsius", "minimum_estimated_time_in_seconds", "minimum_temperature_in_celsius", "notes", "optional", "preparation_id") values (NULL, '2DMsb3m7FUSknuQYza9Ogl33N4T', '1660520356', '2DMsb0EkYu84KYjd3Bu7Ov8i3P9', 10, NULL, '0', NULL, '0', NULL, '', false, '2CHO2mMmB6b4dtsG292AfYsJeNF');
insert into "recipe_steps" ("archived_at", "belongs_to_recipe", "created_at", "id", "index", "last_updated_at", "maximum_estimated_time_in_seconds", "maximum_temperature_in_celsius", "minimum_estimated_time_in_seconds", "minimum_temperature_in_celsius", "notes", "optional", "preparation_id") values (NULL, '2DMsb3m7FUSknuQYza9Ogl33N4T', '1660520356', '2DMsb5BbUxJu2P2jETq84YRX47w', 11, NULL, '0', NULL, '0', NULL, '', false, '2CHP3AtwmYi1q1QKKzvgksGMfIE');
insert into "recipe_steps" ("archived_at", "belongs_to_recipe", "created_at", "id", "index", "last_updated_at", "maximum_estimated_time_in_seconds", "maximum_temperature_in_celsius", "minimum_estimated_time_in_seconds", "minimum_temperature_in_celsius", "notes", "optional", "preparation_id") values (NULL, '2DN8HovNHtbQiT7x4mj7kXVKich', '1660528097', '2DN8HmjKrN5q6AVtHvc9xidC8gE', 0, NULL, '0', NULL, '0', NULL, '', false, '2BAnOFDt15w57nmA0CYQsS5mEAK');
insert into "recipe_steps" ("archived_at", "belongs_to_recipe", "created_at", "id", "index", "last_updated_at", "maximum_estimated_time_in_seconds", "maximum_temperature_in_celsius", "minimum_estimated_time_in_seconds", "minimum_temperature_in_celsius", "notes", "optional", "preparation_id") values (NULL, '2DN8HovNHtbQiT7x4mj7kXVKich', '1660528097', '2DN8HqNpC7Bcm3h4vJKDNRNR49g', 1, NULL, '0', NULL, '0', NULL, '', false, '29e2HAByPDsIoynT0HJVIcarJGQ');
insert into "recipe_steps" ("archived_at", "belongs_to_recipe", "created_at", "id", "index", "last_updated_at", "maximum_estimated_time_in_seconds", "maximum_temperature_in_celsius", "minimum_estimated_time_in_seconds", "minimum_temperature_in_celsius", "notes", "optional", "preparation_id") values (NULL, '2DN8HovNHtbQiT7x4mj7kXVKich', '1660528097', '2DN8HtbI8Kz8URxPd7MYfurKmAz', 2, NULL, '0', NULL, '0', NULL, '', false, '2CF4Wq8yS4yWHohUXAhPgOLHPwQ');
insert into "recipe_steps" ("archived_at", "belongs_to_recipe", "created_at", "id", "index", "last_updated_at", "maximum_estimated_time_in_seconds", "maximum_temperature_in_celsius", "minimum_estimated_time_in_seconds", "minimum_temperature_in_celsius", "notes", "optional", "preparation_id") values (NULL, '2DN8HovNHtbQiT7x4mj7kXVKich', '1660528097', '2DN8HpefLn5qtSYCPqA6yUvxaaE', 3, NULL, '0', NULL, '0', NULL, '', false, '2DN3Q1p0RXDw3F7twJt3kNQDLIC');
insert into "recipe_steps" ("archived_at", "belongs_to_recipe", "created_at", "id", "index", "last_updated_at", "maximum_estimated_time_in_seconds", "maximum_temperature_in_celsius", "minimum_estimated_time_in_seconds", "minimum_temperature_in_celsius", "notes", "optional", "preparation_id") values (NULL, '2DN8HovNHtbQiT7x4mj7kXVKich', '1660528097', '2DN8HmY2XBxTyQNGkCLuDIwrBdG', 4, NULL, '0', NULL, '180', NULL, 'saut over medium heat until the onions are soft and translucent.', false, '29e2OdrqYRE3ubkGMp9t6iBILAR');
insert into "recipe_steps" ("archived_at", "belongs_to_recipe", "created_at", "id", "index", "last_updated_at", "maximum_estimated_time_in_seconds", "maximum_temperature_in_celsius", "minimum_estimated_time_in_seconds", "minimum_temperature_in_celsius", "notes", "optional", "preparation_id") values (NULL, '2DN8HovNHtbQiT7x4mj7kXVKich', '1660528097', '2DN8HnMeJN2IDBrjmEBJA8ikRfe', 5, NULL, '0', NULL, '60', NULL, '', false, '2BAnOFDt15w57nmA0CYQsS5mEAK');
insert into "recipe_steps" ("archived_at", "belongs_to_recipe", "created_at", "id", "index", "last_updated_at", "maximum_estimated_time_in_seconds", "maximum_temperature_in_celsius", "minimum_estimated_time_in_seconds", "minimum_temperature_in_celsius", "notes", "optional", "preparation_id") values (NULL, '2DN8HovNHtbQiT7x4mj7kXVKich', '1660528097', '2DN8HnXwxd7AlEfem1YzSCveo8q', 6, NULL, '0', NULL, '300', NULL, 'Continue to saut for about 5 minutes more, or until the cauliflower have thawed through and are completely coated in spices.', false, '2DN7DWRGuvOfnJDxylrdnhP3HCJ');
insert into "recipe_steps" ("archived_at", "belongs_to_recipe", "created_at", "id", "index", "last_updated_at", "maximum_estimated_time_in_seconds", "maximum_temperature_in_celsius", "minimum_estimated_time_in_seconds", "minimum_temperature_in_celsius", "notes", "optional", "preparation_id") values (NULL, '2DN8HovNHtbQiT7x4mj7kXVKich', '1660528097', '2DN8Hr5jgcmYcZXcnKGC51Km4sZ', 7, NULL, '0', NULL, '0', NULL, '', false, '2DN7Y2TmmC5KhPOHs4peeigm1hq');
insert into "recipe_steps" ("archived_at", "belongs_to_recipe", "created_at", "id", "index", "last_updated_at", "maximum_estimated_time_in_seconds", "maximum_temperature_in_celsius", "minimum_estimated_time_in_seconds", "minimum_temperature_in_celsius", "notes", "optional", "preparation_id") values (NULL, '2DN8HovNHtbQiT7x4mj7kXVKich', '1660528097', '2DN8HnhnvzaAyeRNqn4Ze2Z0dTK', 8, NULL, '0', NULL, '900', NULL, 'Stir to combine, then allow them to simmer over medium-low heat, stirring occasionally, for about 15 minutes. This will help mellow the acidity of the tomato sauce and allow the spices to blend. If the mixture becomes too dry as it simmers, add a couple more tablespoons of water.', false, '2DN7DWRGuvOfnJDxylrdnhP3HCJ');
insert into "recipe_steps" ("archived_at", "belongs_to_recipe", "created_at", "id", "index", "last_updated_at", "maximum_estimated_time_in_seconds", "maximum_temperature_in_celsius", "minimum_estimated_time_in_seconds", "minimum_temperature_in_celsius", "notes", "optional", "preparation_id") values (NULL, '2DN8HovNHtbQiT7x4mj7kXVKich', '1660528097', '2DN8HnEQ4Ycomw5XIPRRMqAz5eB', 9, NULL, '0', NULL, '0', NULL, 'Turn off the heat and stir in the heavy cream. Give the masala a taste and add salt as needed. Serve in a bowl either over rice or with a piece of bread for dipping.', false, '2DN7DWRGuvOfnJDxylrdnhP3HCJ');
insert into "recipe_steps" ("archived_at", "belongs_to_recipe", "created_at", "id", "index", "last_updated_at", "maximum_estimated_time_in_seconds", "maximum_temperature_in_celsius", "minimum_estimated_time_in_seconds", "minimum_temperature_in_celsius", "notes", "optional", "preparation_id") values (NULL, '2DOe0cbzTdf4kSFuziApquFYzsE', '1660574335', '2DOe0XmvxukAxAxTe6Zo9sDBBqm', 0, NULL, '43200', NULL, '3600', NULL, '', false, '2B4Rxrvts492QpHb8XJaPMkyqN2');
insert into "recipe_steps" ("archived_at", "belongs_to_recipe", "created_at", "id", "index", "last_updated_at", "maximum_estimated_time_in_seconds", "maximum_temperature_in_celsius", "minimum_estimated_time_in_seconds", "minimum_temperature_in_celsius", "notes", "optional", "preparation_id") values (NULL, '2DOe0cbzTdf4kSFuziApquFYzsE', '1660574335', '2DOe0aPIirFKbxlXsnaEhV6Zhsh', 1, NULL, '0', NULL, '0', NULL, '', false, '2DN7Y2TmmC5KhPOHs4peeigm1hq');
insert into "recipe_steps" ("archived_at", "belongs_to_recipe", "created_at", "id", "index", "last_updated_at", "maximum_estimated_time_in_seconds", "maximum_temperature_in_celsius", "minimum_estimated_time_in_seconds", "minimum_temperature_in_celsius", "notes", "optional", "preparation_id") values (NULL, '2DOe0cbzTdf4kSFuziApquFYzsE', '1660574335', '2DOe0WHahRbn814OQNFQ7GPq3Rd', 2, NULL, '0', NULL, '0', NULL, '', false, '2B4vYWSGm0iVPi9c8LXv5EFa7h4');

insert into "recipe_step_products" ("archived_at", "belongs_to_recipe_step", "created_at", "id", "last_updated_at", "maximum_quantity_value", "measurement_unit", "minimum_quantity_value", "name", "quantity_notes", "type") values (NULL, '2DHZlUFWpcgC9R724jSesnX5ccF', '1660358121', '2DHZlVe89XT2qYwMpNZjRdbUHpW', NULL, 0, '2DIpFjE7ffjiuhHalguV0cqzzws', 8, '8 dough pieces', '', 'ingredient');
insert into "recipe_step_products" ("archived_at", "belongs_to_recipe_step", "created_at", "id", "last_updated_at", "maximum_quantity_value", "measurement_unit", "minimum_quantity_value", "name", "quantity_notes", "type") values (NULL, '2DHZlYytAFj4gfFneodV7bkfMUl', '1660358121', '2DHZlWbJv1EAVgDKJxyJPNtgA75', NULL, 0, '2DIpFjE7ffjiuhHalguV0cqzzws', 8, 'cooked tortillas', '', 'ingredient');
insert into "recipe_step_products" ("archived_at", "belongs_to_recipe_step", "created_at", "id", "last_updated_at", "maximum_quantity_value", "measurement_unit", "minimum_quantity_value", "name", "quantity_notes", "type") values (NULL, '2DHZlaopKfT3TYGqMlhb9efYOxH', '1660358121', '2DHZlVKxFEjnhGMs4hkzIg9D04Y', NULL, 0, '2DIpFjE7ffjiuhHalguV0cqzzws', 8, 'rested tortilla dough', '', 'ingredient');
insert into "recipe_step_products" ("archived_at", "belongs_to_recipe_step", "created_at", "id", "last_updated_at", "maximum_quantity_value", "measurement_unit", "minimum_quantity_value", "name", "quantity_notes", "type") values (NULL, '2DHZlY0f2hnaTVFPBeEOI3Cju76', '1660358121', '2DHZlUARC3zkPxVJtHEyiO1AaIJ', NULL, 0, '2DIpFjE7ffjiuhHalguV0cqzzws', 8, 'slightly flattened dough pieces', '', 'ingredient');
insert into "recipe_step_products" ("archived_at", "belongs_to_recipe_step", "created_at", "id", "last_updated_at", "maximum_quantity_value", "measurement_unit", "minimum_quantity_value", "name", "quantity_notes", "type") values (NULL, '2DHZlUsOtGn74ZnPIfXFyGX2keL', '1660358121', '2DHZlUdctXWrVoqj5z5GY5VQ9Ow', NULL, 0, '2DIpFjE7ffjiuhHalguV0cqzzws', 1, 'sandy dough', '', 'ingredient');
insert into "recipe_step_products" ("archived_at", "belongs_to_recipe_step", "created_at", "id", "last_updated_at", "maximum_quantity_value", "measurement_unit", "minimum_quantity_value", "name", "quantity_notes", "type") values (NULL, '2DHZlYbATYTZNoH0S9RMK7GzCnP', '1660358121', '2DHZla9Zr4AwyylLyb0GsoqvvHQ', NULL, 0, '2DIpFjE7ffjiuhHalguV0cqzzws', 1, 'kneaded dough', '', 'ingredient');
insert into "recipe_step_products" ("archived_at", "belongs_to_recipe_step", "created_at", "id", "last_updated_at", "maximum_quantity_value", "measurement_unit", "minimum_quantity_value", "name", "quantity_notes", "type") values (NULL, '2DHZlYv3NoxrzYCrPVr9ytHBuea', '1660358121', '2DHZlXtn7OQV8TaIup9y2mVeXqi', NULL, 0, '2DIpFjE7ffjiuhHalguV0cqzzws', 1, 'shaggy dough', '', 'ingredient');
insert into "recipe_step_products" ("archived_at", "belongs_to_recipe_step", "created_at", "id", "last_updated_at", "maximum_quantity_value", "measurement_unit", "minimum_quantity_value", "name", "quantity_notes", "type") values (NULL, '2DHZlVpvuCbUY39FVri0AzbXJ3I', '1660358121', '2DHZlZV7M6t3pde5Tcfhsd8OtqK', NULL, 0, '2CUumOxYpP5N2I0Nb0nYqwbECI0', 1, 'preheated comal', '', 'instrument');
insert into "recipe_step_products" ("archived_at", "belongs_to_recipe_step", "created_at", "id", "last_updated_at", "maximum_quantity_value", "measurement_unit", "minimum_quantity_value", "name", "quantity_notes", "type") values (NULL, '2DHZlVb6fTwIZc41wuCrS4CewyT', '1660358121', '2DHZlWgFPOQfExmkfOGzuIk5kFN', NULL, 0, '2DIpFjE7ffjiuhHalguV0cqzzws', 1, 'blended dry ingredients', '', 'ingredient');
insert into "recipe_step_products" ("archived_at", "belongs_to_recipe_step", "created_at", "id", "last_updated_at", "maximum_quantity_value", "measurement_unit", "minimum_quantity_value", "name", "quantity_notes", "type") values (NULL, '2DOe0XmvxukAxAxTe6Zo9sDBBqm', '1660574335', '2DOe0aLbLBoKrQBdYvawpWR4Sgd', NULL, 0, '2DOdDaQT394xaLalwDUleXMWKYi', 1, 'soaked beans', '', 'ingredient');
insert into "recipe_step_products" ("archived_at", "belongs_to_recipe_step", "created_at", "id", "last_updated_at", "maximum_quantity_value", "measurement_unit", "minimum_quantity_value", "name", "quantity_notes", "type") values (NULL, '2DOe0aPIirFKbxlXsnaEhV6Zhsh', '1660574335', '2DOe0WGljLcwIlTuo8Th413ajx8', NULL, 0, '2DOdDaQT394xaLalwDUleXMWKYi', 1, 'drained beans', '', 'ingredient');
insert into "recipe_step_products" ("archived_at", "belongs_to_recipe_step", "created_at", "id", "last_updated_at", "maximum_quantity_value", "measurement_unit", "minimum_quantity_value", "name", "quantity_notes", "type") values (NULL, '2DOe0WHahRbn814OQNFQ7GPq3Rd', '1660574335', '2DOe0cIaX8NNj3K8KAyIUoOqq2G', NULL, 0, '2DOdDaQT394xaLalwDUleXMWKYi', 1, 'pressure cooked beans', '', 'ingredient');
insert into "recipe_step_products" ("archived_at", "belongs_to_recipe_step", "created_at", "id", "last_updated_at", "maximum_quantity_value", "measurement_unit", "minimum_quantity_value", "name", "quantity_notes", "type") values (NULL, '2DMsb0htf1Yx8CBCnKTZIP14MR5', '1660520356', '2DMsb75ebpykBU5bC9MT8zn6iGB', NULL, 0, '2CUumLd5Vxnbp79O7ewWFTeEG8b', 900, 'cubed chicken breast', '', 'ingredient');
insert into "recipe_step_products" ("archived_at", "belongs_to_recipe_step", "created_at", "id", "last_updated_at", "maximum_quantity_value", "measurement_unit", "minimum_quantity_value", "name", "quantity_notes", "type") values (NULL, '2DMsb4xCDoPQvYn2015tm9i4wuR', '1660520356', '2DMsb1ZhzachjMwslPcJPN1ubZk', NULL, 0, '2CUumLd5Vxnbp79O7ewWFTeEG8b', 282, 'spicy paste', '', 'ingredient');
insert into "recipe_step_products" ("archived_at", "belongs_to_recipe_step", "created_at", "id", "last_updated_at", "maximum_quantity_value", "measurement_unit", "minimum_quantity_value", "name", "quantity_notes", "type") values (NULL, '2DMsb4X9LAwkvD0LvDKCw3fFY5f', '1660520356', '2DMsb4nbehYVJXXKTllMvb5Hiqv', NULL, 0, '2CUumLd5Vxnbp79O7ewWFTeEG8b', 1182, 'marinated chicken breast', '', 'ingredient');
insert into "recipe_step_products" ("archived_at", "belongs_to_recipe_step", "created_at", "id", "last_updated_at", "maximum_quantity_value", "measurement_unit", "minimum_quantity_value", "name", "quantity_notes", "type") values (NULL, '2DMsb4rrFawXpIlfyOum97MEjyW', '1660520356', '2DMsb6siflzRMQPSzmadIINQJzZ', NULL, 0, '2DMkzdacMWDzpUnbpafmjZY7Uis', 1, 'crispy sliced rice cakes', '', 'ingredient');
insert into "recipe_step_products" ("archived_at", "belongs_to_recipe_step", "created_at", "id", "last_updated_at", "maximum_quantity_value", "measurement_unit", "minimum_quantity_value", "name", "quantity_notes", "type") values (NULL, '2DMsb1VMdEkRDrUaFagnsp4xHwD', '1660520356', '2DMsazrk6zRl7X1OZAZNAJhzHCc', NULL, 0, '2DMqKf12tuK51K5P9ch5fAHEcvL', 1, 'par-cooked chicken', '', 'ingredient');
insert into "recipe_step_products" ("archived_at", "belongs_to_recipe_step", "created_at", "id", "last_updated_at", "maximum_quantity_value", "measurement_unit", "minimum_quantity_value", "name", "quantity_notes", "type") values (NULL, '2DMsb4fYqDk2JRcGvyZ4Yt1hzNd', '1660520356', '2DMsb6cAm69uqe8awXToip1DifO', NULL, 0, '2DMqKf12tuK51K5P9ch5fAHEcvL', 1, 'par-cooked chicken and rice cakes', '', 'ingredient');
insert into "recipe_step_products" ("archived_at", "belongs_to_recipe_step", "created_at", "id", "last_updated_at", "maximum_quantity_value", "measurement_unit", "minimum_quantity_value", "name", "quantity_notes", "type") values (NULL, '2DMsb0DPlgGGxvcHITZ9yGnOIZi', '1660520356', '2DMsb1i2z75E7a2CUtWXLASiGq4', NULL, 0, '2DMqKf12tuK51K5P9ch5fAHEcvL', 1, 'cooked dish', '', 'ingredient');
insert into "recipe_step_products" ("archived_at", "belongs_to_recipe_step", "created_at", "id", "last_updated_at", "maximum_quantity_value", "measurement_unit", "minimum_quantity_value", "name", "quantity_notes", "type") values (NULL, '2DMsb5VaUqQ1g3AXQpopnNnFnNI', '1660520356', '2DMsb2FOCKNuulM583ifdG5T1Xl', NULL, 0, '2CUumOxYpP5N2I0Nb0nYqwbECI0', 1, 'preheated oven', '', 'instrument');
insert into "recipe_step_products" ("archived_at", "belongs_to_recipe_step", "created_at", "id", "last_updated_at", "maximum_quantity_value", "measurement_unit", "minimum_quantity_value", "name", "quantity_notes", "type") values (NULL, '2DMsb6PNK4I3v7GflMWEXTMtDFe', '1660520356', '2DMsb0yx1XGLqnLt7TC0XvzjCWv', NULL, 0, '2DMqKf12tuK51K5P9ch5fAHEcvL', 1, 'cheese covered dish', '', 'ingredient');
insert into "recipe_step_products" ("archived_at", "belongs_to_recipe_step", "created_at", "id", "last_updated_at", "maximum_quantity_value", "measurement_unit", "minimum_quantity_value", "name", "quantity_notes", "type") values (NULL, '2DMsb4MxlFiQnrZQXgVPlfwSJac', '1660520356', '2DMsb3HZHKCcWJ9VnMdtycBVVZx', NULL, 0, '2DMqKf12tuK51K5P9ch5fAHEcvL', 1, 'cooked dish', '', 'ingredient');
insert into "recipe_step_products" ("archived_at", "belongs_to_recipe_step", "created_at", "id", "last_updated_at", "maximum_quantity_value", "measurement_unit", "minimum_quantity_value", "name", "quantity_notes", "type") values (NULL, '2DMsb0EkYu84KYjd3Bu7Ov8i3P9', '1660520356', '2DMsb1eMXDEemjq2zRRoo0JQaIX', NULL, 0, '2DMkzdacMWDzpUnbpafmjZY7Uis', 1, 'chopped green onion', '', 'ingredient');
insert into "recipe_step_products" ("archived_at", "belongs_to_recipe_step", "created_at", "id", "last_updated_at", "maximum_quantity_value", "measurement_unit", "minimum_quantity_value", "name", "quantity_notes", "type") values (NULL, '2DMsb5BbUxJu2P2jETq84YRX47w', '1660520356', '2DMsb3AyZokkwdPgSPkfQhfbvM3', NULL, 0, '2DMqKf12tuK51K5P9ch5fAHEcvL', 1, 'final dish', '', 'ingredient');
insert into "recipe_step_products" ("archived_at", "belongs_to_recipe_step", "created_at", "id", "last_updated_at", "maximum_quantity_value", "measurement_unit", "minimum_quantity_value", "name", "quantity_notes", "type") values (NULL, '2DN8HmjKrN5q6AVtHvc9xidC8gE', '1660528097', '2DN8HriDlAX3pqR8TbgmeKogkM1', NULL, 0, '2DMkzdacMWDzpUnbpafmjZY7Uis', 1, 'masala spice mix', '', 'ingredient');
insert into "recipe_step_products" ("archived_at", "belongs_to_recipe_step", "created_at", "id", "last_updated_at", "maximum_quantity_value", "measurement_unit", "minimum_quantity_value", "name", "quantity_notes", "type") values (NULL, '2DN8HqNpC7Bcm3h4vJKDNRNR49g', '1660528097', '2DN8HrhdkL38zddGUg7skcZvQ4g', NULL, 0, '2CUumOxYpP5N2I0Nb0nYqwbECI0', 1, 'diced onion', '', 'ingredient');
insert into "recipe_step_products" ("archived_at", "belongs_to_recipe_step", "created_at", "id", "last_updated_at", "maximum_quantity_value", "measurement_unit", "minimum_quantity_value", "name", "quantity_notes", "type") values (NULL, '2DN8HtbI8Kz8URxPd7MYfurKmAz', '1660528097', '2DN8HoiwkVdvOhXVINls6apK7MZ', NULL, 0, '2CUumT5hzcIrvYpEDmrRmgrpi8J', 3, 'minced garlic', '', 'ingredient');
insert into "recipe_step_products" ("archived_at", "belongs_to_recipe_step", "created_at", "id", "last_updated_at", "maximum_quantity_value", "measurement_unit", "minimum_quantity_value", "name", "quantity_notes", "type") values (NULL, '2DN8HpefLn5qtSYCPqA6yUvxaaE', '1660528097', '2DN8HoSHGN3Rc5ELy3G8M8zbbCN', NULL, 0, '2CUumM34fwvbuzbPxb3z53GwANs', 0.5, 'grated ginger', '', 'ingredient');
insert into "recipe_step_products" ("archived_at", "belongs_to_recipe_step", "created_at", "id", "last_updated_at", "maximum_quantity_value", "measurement_unit", "minimum_quantity_value", "name", "quantity_notes", "type") values (NULL, '2DN8HmY2XBxTyQNGkCLuDIwrBdG', '1660528097', '2DN8Hn79ZIydNB33DeMOMOpsbGk', NULL, 0, '2DMqKf12tuK51K5P9ch5fAHEcvL', 1, 'cooked onions', '', 'ingredient');
insert into "recipe_step_products" ("archived_at", "belongs_to_recipe_step", "created_at", "id", "last_updated_at", "maximum_quantity_value", "measurement_unit", "minimum_quantity_value", "name", "quantity_notes", "type") values (NULL, '2DN8HnMeJN2IDBrjmEBJA8ikRfe', '1660528097', '2DN8HmtOavphZHhMwbT1GqFFtL7', NULL, 0, '2DMqKf12tuK51K5P9ch5fAHEcvL', 1, 'cooked masala onions', '', 'ingredient');
insert into "recipe_step_products" ("archived_at", "belongs_to_recipe_step", "created_at", "id", "last_updated_at", "maximum_quantity_value", "measurement_unit", "minimum_quantity_value", "name", "quantity_notes", "type") values (NULL, '2DN8HnXwxd7AlEfem1YzSCveo8q', '1660528097', '2DN8Hnrb3DMQAfVr87XCDdB3TWM', NULL, 0, '2DMqKf12tuK51K5P9ch5fAHEcvL', 1, 'partially cooked cauliflower', '', 'ingredient');
insert into "recipe_step_products" ("archived_at", "belongs_to_recipe_step", "created_at", "id", "last_updated_at", "maximum_quantity_value", "measurement_unit", "minimum_quantity_value", "name", "quantity_notes", "type") values (NULL, '2DN8Hr5jgcmYcZXcnKGC51Km4sZ', '1660528097', '2DN8HqlJK8VJfcCg5Noq4OcwDWQ', NULL, 0, '2CUumO7M5l6dLlRNZ1iG28GH2Sw', 1, 'drained chickpeas', '', 'ingredient');
insert into "recipe_step_products" ("archived_at", "belongs_to_recipe_step", "created_at", "id", "last_updated_at", "maximum_quantity_value", "measurement_unit", "minimum_quantity_value", "name", "quantity_notes", "type") values (NULL, '2DN8HnhnvzaAyeRNqn4Ze2Z0dTK', '1660528097', '2DN8HqoNVHvfi9Nh4EIww1c5pY4', NULL, 0, '2DMqKf12tuK51K5P9ch5fAHEcvL', 1, 'cooked', '', 'ingredient');
insert into "recipe_step_products" ("archived_at", "belongs_to_recipe_step", "created_at", "id", "last_updated_at", "maximum_quantity_value", "measurement_unit", "minimum_quantity_value", "name", "quantity_notes", "type") values (NULL, '2DN8HnEQ4Ycomw5XIPRRMqAz5eB', '1660528097', '2DN8HtyNDw9NCCXKj2qmtNF4YvP', NULL, 0, '2DMqKf12tuK51K5P9ch5fAHEcvL', 1, 'final dish', '', 'ingredient');

insert into "recipe_step_instruments" ("archived_at", "belongs_to_recipe_step", "created_at", "id", "instrument_id", "last_updated_at", "name", "notes", "preference_rank", "product_of_recipe_step", "recipe_step_product_id") values (NULL, '2DHZlVb6fTwIZc41wuCrS4CewyT', '1660358121', '2DHZlVBUUpX3u5wUKKTaLVPEl8W', '2DHVk3kzu9UrHUSIGt7AAa4GRmb', NULL, '', '', 1, false, NULL);
insert into "recipe_step_instruments" ("archived_at", "belongs_to_recipe_step", "created_at", "id", "instrument_id", "last_updated_at", "name", "notes", "preference_rank", "product_of_recipe_step", "recipe_step_product_id") values (NULL, '2DHZlUsOtGn74ZnPIfXFyGX2keL', '1660358121', '2DHZlZmfNgKgcQEgpHNzUIxBh3k', '2DHY69clrVKZkqqTLFGj0YZV8jK', NULL, '', '', 1, false, NULL);
insert into "recipe_step_instruments" ("archived_at", "belongs_to_recipe_step", "created_at", "id", "instrument_id", "last_updated_at", "name", "notes", "preference_rank", "product_of_recipe_step", "recipe_step_product_id") values (NULL, '2DHZlYv3NoxrzYCrPVr9ytHBuea', '1660358121', '2DHZlWv8jB2uLWegixy3xVPYQhw', '2DHY69clrVKZkqqTLFGj0YZV8jK', NULL, '', '', 1, false, NULL);
insert into "recipe_step_instruments" ("archived_at", "belongs_to_recipe_step", "created_at", "id", "instrument_id", "last_updated_at", "name", "notes", "preference_rank", "product_of_recipe_step", "recipe_step_product_id") values (NULL, '2DHZlYbATYTZNoH0S9RMK7GzCnP', '1660358121', '2DHZlUDiIjJ6NGCZVZvKQmaI8Gc', '2DHY69clrVKZkqqTLFGj0YZV8jK', NULL, '', '', 1, false, NULL);
insert into "recipe_step_instruments" ("archived_at", "belongs_to_recipe_step", "created_at", "id", "instrument_id", "last_updated_at", "name", "notes", "preference_rank", "product_of_recipe_step", "recipe_step_product_id") values (NULL, '2DHZlUFWpcgC9R724jSesnX5ccF', '1660358121', '2DHZlax974TJ0mpRhPObRCCNYqK', '2DHYrO51O3f0dsM8dhmwFsBxKYd', NULL, '', '', 1, false, NULL);
insert into "recipe_step_instruments" ("archived_at", "belongs_to_recipe_step", "created_at", "id", "instrument_id", "last_updated_at", "name", "notes", "preference_rank", "product_of_recipe_step", "recipe_step_product_id") values (NULL, '2DHZlY0f2hnaTVFPBeEOI3Cju76', '1660358121', '2DHZlXddpdVtQPf3Td3Ju4AZdXW', '2DHY69clrVKZkqqTLFGj0YZV8jK', NULL, '', '', 1, false, NULL);
insert into "recipe_step_instruments" ("archived_at", "belongs_to_recipe_step", "created_at", "id", "instrument_id", "last_updated_at", "name", "notes", "preference_rank", "product_of_recipe_step", "recipe_step_product_id") values (NULL, '2DHZlaopKfT3TYGqMlhb9efYOxH', '1660358121', '2DHZlatDzQbCNQ0cffjU2O2QvqB', '2DHZ5UGZEAoYFamgxhyhsVd4i6i', NULL, '', '', 1, false, NULL);
insert into "recipe_step_instruments" ("archived_at", "belongs_to_recipe_step", "created_at", "id", "instrument_id", "last_updated_at", "name", "notes", "preference_rank", "product_of_recipe_step", "recipe_step_product_id") values (NULL, '2DHZlVpvuCbUY39FVri0AzbXJ3I', '1660358121', '2DHZlWDN1rthvB6SSA6moNeL0Mv', '2DHZQD7M1CtuNpZKYdQw7SGw8fy', NULL, '', '', 1, false, NULL);
insert into "recipe_step_instruments" ("archived_at", "belongs_to_recipe_step", "created_at", "id", "instrument_id", "last_updated_at", "name", "notes", "preference_rank", "product_of_recipe_step", "recipe_step_product_id") values (NULL, '2DHZlYytAFj4gfFneodV7bkfMUl', '1660358121', '2DHZlUEOXkgYgfkDEhuORTz6nDI', NULL, NULL, 'preheated comal', '', 1, true, '2DHZlZV7M6t3pde5Tcfhsd8OtqK');
insert into "recipe_step_instruments" ("archived_at", "belongs_to_recipe_step", "created_at", "id", "instrument_id", "last_updated_at", "name", "notes", "preference_rank", "product_of_recipe_step", "recipe_step_product_id") values (NULL, '2DMsb0htf1Yx8CBCnKTZIP14MR5', '1660520356', '2DMsb3gpmFbOi7VlwXjZih4R5R6', '29e2R6B3OOVXIVY4yOAISONZUHP', NULL, '', '', 1, false, NULL);
insert into "recipe_step_instruments" ("archived_at", "belongs_to_recipe_step", "created_at", "id", "instrument_id", "last_updated_at", "name", "notes", "preference_rank", "product_of_recipe_step", "recipe_step_product_id") values (NULL, '2DMsb4xCDoPQvYn2015tm9i4wuR', '1660520356', '2DMsb6f8epnL9yktJ3b6jpvv4M6', '2DMhtCfb35rvHkOCq5fEjDySMGF', NULL, '', '', 1, false, NULL);
insert into "recipe_step_instruments" ("archived_at", "belongs_to_recipe_step", "created_at", "id", "instrument_id", "last_updated_at", "name", "notes", "preference_rank", "product_of_recipe_step", "recipe_step_product_id") values (NULL, '2DMsb4X9LAwkvD0LvDKCw3fFY5f', '1660520356', '2DMsb4JCqiFYfYOHXCjVovph6cr', '2DMhtCfb35rvHkOCq5fEjDySMGF', NULL, '', '', 1, false, NULL);
insert into "recipe_step_instruments" ("archived_at", "belongs_to_recipe_step", "created_at", "id", "instrument_id", "last_updated_at", "name", "notes", "preference_rank", "product_of_recipe_step", "recipe_step_product_id") values (NULL, '2DMsb4rrFawXpIlfyOum97MEjyW', '1660520356', '2DMsb5VOy0EMdTBsbmRHx8zba8z', '29e3e35iDFt2AZ2pceUHFlHjqWL', NULL, '', '', 1, false, NULL);
insert into "recipe_step_instruments" ("archived_at", "belongs_to_recipe_step", "created_at", "id", "instrument_id", "last_updated_at", "name", "notes", "preference_rank", "product_of_recipe_step", "recipe_step_product_id") values (NULL, '2DMsb1VMdEkRDrUaFagnsp4xHwD', '1660520356', '2DMsb2jDo1HXMZSzH1ii4TlqM6d', '2DMlQSKparICbB9WZ2SnZlhRbYW', NULL, '', '', 1, false, NULL);
insert into "recipe_step_instruments" ("archived_at", "belongs_to_recipe_step", "created_at", "id", "instrument_id", "last_updated_at", "name", "notes", "preference_rank", "product_of_recipe_step", "recipe_step_product_id") values (NULL, '2DMsb4fYqDk2JRcGvyZ4Yt1hzNd', '1660520356', '2DMsb0KNYvcSrNwG2mXl0JIBrXk', '2DMrM2uvHUlxOlvmpRYCtVNxd5K', NULL, '', '', 1, false, NULL);
insert into "recipe_step_instruments" ("archived_at", "belongs_to_recipe_step", "created_at", "id", "instrument_id", "last_updated_at", "name", "notes", "preference_rank", "product_of_recipe_step", "recipe_step_product_id") values (NULL, '2DMsb0DPlgGGxvcHITZ9yGnOIZi', '1660520356', '2DMsb14fcsASxfQoHBVgRNRqNgG', '2DMlQSKparICbB9WZ2SnZlhRbYW', NULL, '', '', 1, false, NULL);
insert into "recipe_step_instruments" ("archived_at", "belongs_to_recipe_step", "created_at", "id", "instrument_id", "last_updated_at", "name", "notes", "preference_rank", "product_of_recipe_step", "recipe_step_product_id") values (NULL, '2DMsb5VaUqQ1g3AXQpopnNnFnNI', '1660520356', '2DMsb06Vypgp8MP4GeDsJM3sGsF', '2DMljauva180pl5MhDMm92qQOag', NULL, '', '', 1, false, NULL);
insert into "recipe_step_instruments" ("archived_at", "belongs_to_recipe_step", "created_at", "id", "instrument_id", "last_updated_at", "name", "notes", "preference_rank", "product_of_recipe_step", "recipe_step_product_id") values (NULL, '2DMsb6PNK4I3v7GflMWEXTMtDFe', '1660520356', '2DMsb3nlln8rzDThThsLyLqwigL', '2DHY69clrVKZkqqTLFGj0YZV8jK', NULL, '', '', 1, false, NULL);
insert into "recipe_step_instruments" ("archived_at", "belongs_to_recipe_step", "created_at", "id", "instrument_id", "last_updated_at", "name", "notes", "preference_rank", "product_of_recipe_step", "recipe_step_product_id") values (NULL, '2DMsb4MxlFiQnrZQXgVPlfwSJac', '1660520356', '2DMsb5IfLfwzq6FlMPC9F7MDq5y', NULL, NULL, 'preheated oven', '', 1, true, '2DMsb2FOCKNuulM583ifdG5T1Xl');
insert into "recipe_step_instruments" ("archived_at", "belongs_to_recipe_step", "created_at", "id", "instrument_id", "last_updated_at", "name", "notes", "preference_rank", "product_of_recipe_step", "recipe_step_product_id") values (NULL, '2DMsb0EkYu84KYjd3Bu7Ov8i3P9', '1660520356', '2DMsb3KnzYRrllttBLY7vFfXAQz', '29e2R6B3OOVXIVY4yOAISONZUHP', NULL, '', '', 1, false, NULL);
insert into "recipe_step_instruments" ("archived_at", "belongs_to_recipe_step", "created_at", "id", "instrument_id", "last_updated_at", "name", "notes", "preference_rank", "product_of_recipe_step", "recipe_step_product_id") values (NULL, '2DMsb5BbUxJu2P2jETq84YRX47w', '1660520356', '2DMsb5DgGG7ak5AXlAWCKxlazm4', '2DHY69clrVKZkqqTLFGj0YZV8jK', NULL, '', '', 1, false, NULL);
insert into "recipe_step_instruments" ("archived_at", "belongs_to_recipe_step", "created_at", "id", "instrument_id", "last_updated_at", "name", "notes", "preference_rank", "product_of_recipe_step", "recipe_step_product_id") values (NULL, '2DN8HmjKrN5q6AVtHvc9xidC8gE', '1660528097', '2DN8HpBJBPBto0FfbOXJWMIVFPh', '2DMhtCfb35rvHkOCq5fEjDySMGF', NULL, '', '', 1, false, NULL);
insert into "recipe_step_instruments" ("archived_at", "belongs_to_recipe_step", "created_at", "id", "instrument_id", "last_updated_at", "name", "notes", "preference_rank", "product_of_recipe_step", "recipe_step_product_id") values (NULL, '2DN8HqNpC7Bcm3h4vJKDNRNR49g', '1660528097', '2DN8HoI7gQrHvW9W8NDYvr13yP5', '29e2R6B3OOVXIVY4yOAISONZUHP', NULL, '', '', 1, false, NULL);
insert into "recipe_step_instruments" ("archived_at", "belongs_to_recipe_step", "created_at", "id", "instrument_id", "last_updated_at", "name", "notes", "preference_rank", "product_of_recipe_step", "recipe_step_product_id") values (NULL, '2DN8HtbI8Kz8URxPd7MYfurKmAz', '1660528097', '2DN8Hofdh3WgWfE0Iqi2hmlZ1dy', '29e2R6B3OOVXIVY4yOAISONZUHP', NULL, '', '', 1, false, NULL);
insert into "recipe_step_instruments" ("archived_at", "belongs_to_recipe_step", "created_at", "id", "instrument_id", "last_updated_at", "name", "notes", "preference_rank", "product_of_recipe_step", "recipe_step_product_id") values (NULL, '2DN8HpefLn5qtSYCPqA6yUvxaaE', '1660528097', '2DN8HoCdV7Twgq0hR4ji94EF2tq', '2DN3RBxe5VNGP6p8x8xjJIMiDNL', NULL, '', '', 1, false, NULL);
insert into "recipe_step_instruments" ("archived_at", "belongs_to_recipe_step", "created_at", "id", "instrument_id", "last_updated_at", "name", "notes", "preference_rank", "product_of_recipe_step", "recipe_step_product_id") values (NULL, '2DN8HmY2XBxTyQNGkCLuDIwrBdG', '1660528097', '2DN8HnleM3t3H0dSmomMzqWD6pc', '29e3e35iDFt2AZ2pceUHFlHjqWL', NULL, '', '', 1, false, NULL);
insert into "recipe_step_instruments" ("archived_at", "belongs_to_recipe_step", "created_at", "id", "instrument_id", "last_updated_at", "name", "notes", "preference_rank", "product_of_recipe_step", "recipe_step_product_id") values (NULL, '2DN8HnMeJN2IDBrjmEBJA8ikRfe', '1660528097', '2DN8Hs4QgULKhAeilfTUQo0Dwvz', '2DHY69clrVKZkqqTLFGj0YZV8jK', NULL, '', '', 1, false, NULL);
insert into "recipe_step_instruments" ("archived_at", "belongs_to_recipe_step", "created_at", "id", "instrument_id", "last_updated_at", "name", "notes", "preference_rank", "product_of_recipe_step", "recipe_step_product_id") values (NULL, '2DN8HnXwxd7AlEfem1YzSCveo8q', '1660528097', '2DN8Hq0EJ1igNuY9pIrS99ixsMl', '2DHY69clrVKZkqqTLFGj0YZV8jK', NULL, '', '', 1, false, NULL);
insert into "recipe_step_instruments" ("archived_at", "belongs_to_recipe_step", "created_at", "id", "instrument_id", "last_updated_at", "name", "notes", "preference_rank", "product_of_recipe_step", "recipe_step_product_id") values (NULL, '2DN8Hr5jgcmYcZXcnKGC51Km4sZ', '1660528097', '2DN8Ht8NFbNFsilwebp06sICrj3', '2DN7odBESodO1GWhFcAn2aTfwPL', NULL, '', '', 1, false, NULL);
insert into "recipe_step_instruments" ("archived_at", "belongs_to_recipe_step", "created_at", "id", "instrument_id", "last_updated_at", "name", "notes", "preference_rank", "product_of_recipe_step", "recipe_step_product_id") values (NULL, '2DN8HnhnvzaAyeRNqn4Ze2Z0dTK', '1660528097', '2DN8Hpbh8MvHEjzfoNSAdj65Rki', '2DHY69clrVKZkqqTLFGj0YZV8jK', NULL, '', '', 1, false, NULL);
insert into "recipe_step_instruments" ("archived_at", "belongs_to_recipe_step", "created_at", "id", "instrument_id", "last_updated_at", "name", "notes", "preference_rank", "product_of_recipe_step", "recipe_step_product_id") values (NULL, '2DN8HnEQ4Ycomw5XIPRRMqAz5eB', '1660528097', '2DN8HtP0Qt25Pto6cfrt8PktaxN', '2DHY69clrVKZkqqTLFGj0YZV8jK', NULL, '', '', 1, false, NULL);
insert into "recipe_step_instruments" ("archived_at", "belongs_to_recipe_step", "created_at", "id", "instrument_id", "last_updated_at", "name", "notes", "preference_rank", "product_of_recipe_step", "recipe_step_product_id") values (NULL, '2DOe0XmvxukAxAxTe6Zo9sDBBqm', '1660574335', '2DOe0ZFz7opWWjciMvJlsNp2OzQ', '2DMhtCfb35rvHkOCq5fEjDySMGF', NULL, '', '', 1, false, NULL);
insert into "recipe_step_instruments" ("archived_at", "belongs_to_recipe_step", "created_at", "id", "instrument_id", "last_updated_at", "name", "notes", "preference_rank", "product_of_recipe_step", "recipe_step_product_id") values (NULL, '2DOe0aPIirFKbxlXsnaEhV6Zhsh', '1660574335', '2DOe0aCFQnM8Sb6muUaiuvvPDpw', '2DN7odBESodO1GWhFcAn2aTfwPL', NULL, '', '', 1, false, NULL);
insert into "recipe_step_instruments" ("archived_at", "belongs_to_recipe_step", "created_at", "id", "instrument_id", "last_updated_at", "name", "notes", "preference_rank", "product_of_recipe_step", "recipe_step_product_id") values (NULL, '2DOe0WHahRbn814OQNFQ7GPq3Rd', '1660574335', '2DOe0XjEzYM6V3C19yoM9Z4LNwh', '2DOdHWlBDn55T2Meh2mFVp9wQFq', NULL, '', '', 1, false, NULL);

insert into "recipe_step_ingredients" ("archived_at", "belongs_to_recipe_step", "created_at", "id", "ingredient_id", "ingredient_notes", "last_updated_at", "maximum_quantity_value", "measurement_unit", "minimum_quantity_value", "name", "product_of_recipe_step", "quantity_notes", "recipe_step_product_id") values (NULL, '2DHZlVb6fTwIZc41wuCrS4CewyT', '1660358121', '2DHZlW2AaSsRM483EMFvkOltsSg', '2BAnE7ceyyZX8kpim28MvOHjNU0', '', NULL, 0, '2CUumLd5Vxnbp79O7ewWFTeEG8b', 300, 'all purpose flour', false, '', NULL);
insert into "recipe_step_ingredients" ("archived_at", "belongs_to_recipe_step", "created_at", "id", "ingredient_id", "ingredient_notes", "last_updated_at", "maximum_quantity_value", "measurement_unit", "minimum_quantity_value", "name", "product_of_recipe_step", "quantity_notes", "recipe_step_product_id") values (NULL, '2DHZlVb6fTwIZc41wuCrS4CewyT', '1660358121', '2DHZlXe97qhrbctHs804HjkPh4G', '2BAnJB5ISl74EcbtcGefCDSSPkR', '', NULL, 0, '2CUumLd5Vxnbp79O7ewWFTeEG8b', 1, 'salt', false, '', NULL);
insert into "recipe_step_ingredients" ("archived_at", "belongs_to_recipe_step", "created_at", "id", "ingredient_id", "ingredient_notes", "last_updated_at", "maximum_quantity_value", "measurement_unit", "minimum_quantity_value", "name", "product_of_recipe_step", "quantity_notes", "recipe_step_product_id") values (NULL, '2DHZlVb6fTwIZc41wuCrS4CewyT', '1660358121', '2DHZlUgzN4aZoFAhdTlB2NLMvX5', '2CK3oLXshhdcFCixqDFr5YTip8Z', '', NULL, 0, '2CUumLd5Vxnbp79O7ewWFTeEG8b', 3, 'baking powder', false, '', NULL);
insert into "recipe_step_ingredients" ("archived_at", "belongs_to_recipe_step", "created_at", "id", "ingredient_id", "ingredient_notes", "last_updated_at", "maximum_quantity_value", "measurement_unit", "minimum_quantity_value", "name", "product_of_recipe_step", "quantity_notes", "recipe_step_product_id") values (NULL, '2DHZlUsOtGn74ZnPIfXFyGX2keL', '1660358121', '2DHZlUDF043DEn0QjDlv3dbZ0s0', '2CLnktm5HhGQ7RcLLYWg6FJ8ent', '', NULL, 0, '2CUumLd5Vxnbp79O7ewWFTeEG8b', 57, 'lard', false, '', NULL);
insert into "recipe_step_ingredients" ("archived_at", "belongs_to_recipe_step", "created_at", "id", "ingredient_id", "ingredient_notes", "last_updated_at", "maximum_quantity_value", "measurement_unit", "minimum_quantity_value", "name", "product_of_recipe_step", "quantity_notes", "recipe_step_product_id") values (NULL, '2DHZlYv3NoxrzYCrPVr9ytHBuea', '1660358121', '2DHZlURjRwauBpELoIreJYwsnRI', '29e1LpCHEAVqhEytXFN4IjapLJ0', '', NULL, 0, '2CUumLd5Vxnbp79O7ewWFTeEG8b', 200, 'water', false, '', NULL);
insert into "recipe_step_ingredients" ("archived_at", "belongs_to_recipe_step", "created_at", "id", "ingredient_id", "ingredient_notes", "last_updated_at", "maximum_quantity_value", "measurement_unit", "minimum_quantity_value", "name", "product_of_recipe_step", "quantity_notes", "recipe_step_product_id") values (NULL, '2DHZlVpvuCbUY39FVri0AzbXJ3I', '1660358121', '2DHZlUclmls6VNwjHf8QjirwEdj', '2CEtSaOXxMMWqx4CW9YYyFWdUSo', '', NULL, 0, '2CUumLd5Vxnbp79O7ewWFTeEG8b', 1, 'vegetable oil', false, '', NULL);
insert into "recipe_step_ingredients" ("archived_at", "belongs_to_recipe_step", "created_at", "id", "ingredient_id", "ingredient_notes", "last_updated_at", "maximum_quantity_value", "measurement_unit", "minimum_quantity_value", "name", "product_of_recipe_step", "quantity_notes", "recipe_step_product_id") values (NULL, '2DHZlY0f2hnaTVFPBeEOI3Cju76', '1660358121', '2DHZlVQjmCx22JZfaHzqX1WOTRI', NULL, '', NULL, 0, '2DIpFjE7ffjiuhHalguV0cqzzws', 8, '8 dough pieces', true, '', '2DHZlVe89XT2qYwMpNZjRdbUHpW');
insert into "recipe_step_ingredients" ("archived_at", "belongs_to_recipe_step", "created_at", "id", "ingredient_id", "ingredient_notes", "last_updated_at", "maximum_quantity_value", "measurement_unit", "minimum_quantity_value", "name", "product_of_recipe_step", "quantity_notes", "recipe_step_product_id") values (NULL, '2DHZlUFWpcgC9R724jSesnX5ccF', '1660358121', '2DHZlTtLnMQNfKnNtebPMfxXNQN', NULL, '', NULL, 0, '2DIpFjE7ffjiuhHalguV0cqzzws', 1, 'kneaded dough', true, '', '2DHZla9Zr4AwyylLyb0GsoqvvHQ');
insert into "recipe_step_ingredients" ("archived_at", "belongs_to_recipe_step", "created_at", "id", "ingredient_id", "ingredient_notes", "last_updated_at", "maximum_quantity_value", "measurement_unit", "minimum_quantity_value", "name", "product_of_recipe_step", "quantity_notes", "recipe_step_product_id") values (NULL, '2DHZlYbATYTZNoH0S9RMK7GzCnP', '1660358121', '2DHZlWhMyweICngGJzteMuKiKBC', NULL, '', NULL, 0, '2DIpFjE7ffjiuhHalguV0cqzzws', 1, 'shaggy dough', true, '', '2DHZlXtn7OQV8TaIup9y2mVeXqi');
insert into "recipe_step_ingredients" ("archived_at", "belongs_to_recipe_step", "created_at", "id", "ingredient_id", "ingredient_notes", "last_updated_at", "maximum_quantity_value", "measurement_unit", "minimum_quantity_value", "name", "product_of_recipe_step", "quantity_notes", "recipe_step_product_id") values (NULL, '2DHZlYytAFj4gfFneodV7bkfMUl', '1660358121', '2DHZlXLYn61STkzNGJbgwhdSh7U', NULL, '', NULL, 0, '2DIpFjE7ffjiuhHalguV0cqzzws', 8, 'rested tortilla dough', true, '', '2DHZlVKxFEjnhGMs4hkzIg9D04Y');
insert into "recipe_step_ingredients" ("archived_at", "belongs_to_recipe_step", "created_at", "id", "ingredient_id", "ingredient_notes", "last_updated_at", "maximum_quantity_value", "measurement_unit", "minimum_quantity_value", "name", "product_of_recipe_step", "quantity_notes", "recipe_step_product_id") values (NULL, '2DHZlYv3NoxrzYCrPVr9ytHBuea', '1660358121', '2DHZlYWzfz6rEw7oxIkPdpsivsY', NULL, '', NULL, 0, '2DIpFjE7ffjiuhHalguV0cqzzws', 1, 'sandy dough', true, '', '2DHZlUdctXWrVoqj5z5GY5VQ9Ow');
insert into "recipe_step_ingredients" ("archived_at", "belongs_to_recipe_step", "created_at", "id", "ingredient_id", "ingredient_notes", "last_updated_at", "maximum_quantity_value", "measurement_unit", "minimum_quantity_value", "name", "product_of_recipe_step", "quantity_notes", "recipe_step_product_id") values (NULL, '2DHZlaopKfT3TYGqMlhb9efYOxH', '1660358121', '2DHZlZA7kxVYOWPpgorbytigt9w', NULL, '', NULL, 0, '2DIpFjE7ffjiuhHalguV0cqzzws', 8, 'slightly flattened dough pieces', true, '', '2DHZlUARC3zkPxVJtHEyiO1AaIJ');
insert into "recipe_step_ingredients" ("archived_at", "belongs_to_recipe_step", "created_at", "id", "ingredient_id", "ingredient_notes", "last_updated_at", "maximum_quantity_value", "measurement_unit", "minimum_quantity_value", "name", "product_of_recipe_step", "quantity_notes", "recipe_step_product_id") values (NULL, '2DHZlUsOtGn74ZnPIfXFyGX2keL', '1660358121', '2DHZlZUdb9OmoWMJPAMNOJlj3Na', NULL, '', NULL, 0, '2DIpFjE7ffjiuhHalguV0cqzzws', 1, 'blended dry ingredients', true, '', '2DHZlWgFPOQfExmkfOGzuIk5kFN');
insert into "recipe_step_ingredients" ("archived_at", "belongs_to_recipe_step", "created_at", "id", "ingredient_id", "ingredient_notes", "last_updated_at", "maximum_quantity_value", "measurement_unit", "minimum_quantity_value", "name", "product_of_recipe_step", "quantity_notes", "recipe_step_product_id") values (NULL, '2DMsb0htf1Yx8CBCnKTZIP14MR5', '1660520356', '2DMsb6gkx3nnQ761gk1Ny7d8yvP', '29e1O7egiZW5CqXyGXwEzp1oluC', '', NULL, 0, '2CUumLd5Vxnbp79O7ewWFTeEG8b', 900, 'chicken breast', false, '', NULL);
insert into "recipe_step_ingredients" ("archived_at", "belongs_to_recipe_step", "created_at", "id", "ingredient_id", "ingredient_notes", "last_updated_at", "maximum_quantity_value", "measurement_unit", "minimum_quantity_value", "name", "product_of_recipe_step", "quantity_notes", "recipe_step_product_id") values (NULL, '2DMsb4xCDoPQvYn2015tm9i4wuR', '1660520356', '2DMsb52CgLKSUW8P6K4oNIZrpwa', '29e1aTUQlzwyjy5rMb5cQSybaWq', '', NULL, 0, '2CUumLd5Vxnbp79O7ewWFTeEG8b', 50, 'gochujang', false, '', NULL);
insert into "recipe_step_ingredients" ("archived_at", "belongs_to_recipe_step", "created_at", "id", "ingredient_id", "ingredient_notes", "last_updated_at", "maximum_quantity_value", "measurement_unit", "minimum_quantity_value", "name", "product_of_recipe_step", "quantity_notes", "recipe_step_product_id") values (NULL, '2DMsb4xCDoPQvYn2015tm9i4wuR', '1660520356', '2DMsb5fSupuqYV5AZAUC1ENsxk8', '2CErqeGvonrG7iLdIyaJ1YmoJr5', '', NULL, 0, '2CUumLd5Vxnbp79O7ewWFTeEG8b', 50, 'gochugaru', false, '', NULL);
insert into "recipe_step_ingredients" ("archived_at", "belongs_to_recipe_step", "created_at", "id", "ingredient_id", "ingredient_notes", "last_updated_at", "maximum_quantity_value", "measurement_unit", "minimum_quantity_value", "name", "product_of_recipe_step", "quantity_notes", "recipe_step_product_id") values (NULL, '2DMsb4xCDoPQvYn2015tm9i4wuR', '1660520356', '2DMsb41kajYboNSv46mPhPW2lNv', '29e1iG8OCeFoUqkVBTFhTrrCOrA', '', NULL, 0, '2CUumLd5Vxnbp79O7ewWFTeEG8b', 32, 'garlic', false, '', NULL);
insert into "recipe_step_ingredients" ("archived_at", "belongs_to_recipe_step", "created_at", "id", "ingredient_id", "ingredient_notes", "last_updated_at", "maximum_quantity_value", "measurement_unit", "minimum_quantity_value", "name", "product_of_recipe_step", "quantity_notes", "recipe_step_product_id") values (NULL, '2DMsb4xCDoPQvYn2015tm9i4wuR', '1660520356', '2DMsb2l7tUvCSZG64ie4XViKGMl', '29e1jZ8p2Kfy40F6XHCtyPXubkv', '', NULL, 0, '2CUumLd5Vxnbp79O7ewWFTeEG8b', 18, 'ginger', false, '', NULL);
insert into "recipe_step_ingredients" ("archived_at", "belongs_to_recipe_step", "created_at", "id", "ingredient_id", "ingredient_notes", "last_updated_at", "maximum_quantity_value", "measurement_unit", "minimum_quantity_value", "name", "product_of_recipe_step", "quantity_notes", "recipe_step_product_id") values (NULL, '2DMsb4xCDoPQvYn2015tm9i4wuR', '1660520356', '2DMsb3RQpPxgeyK5bpE87kUqUHo', '2CEtSaOXxMMWqx4CW9YYyFWdUSo', '', NULL, 0, '2CUumLd5Vxnbp79O7ewWFTeEG8b', 11, 'vegetable oil', false, '', NULL);
insert into "recipe_step_ingredients" ("archived_at", "belongs_to_recipe_step", "created_at", "id", "ingredient_id", "ingredient_notes", "last_updated_at", "maximum_quantity_value", "measurement_unit", "minimum_quantity_value", "name", "product_of_recipe_step", "quantity_notes", "recipe_step_product_id") values (NULL, '2DMsb4xCDoPQvYn2015tm9i4wuR', '1660520356', '2DMsb228XFdrsZbB1JSbwDANxea', '29e1kh8Pll1QHI62ej4X5yo3wjN', '', NULL, 0, '2CUumLd5Vxnbp79O7ewWFTeEG8b', 3, 'black pepper', false, '', NULL);
insert into "recipe_step_ingredients" ("archived_at", "belongs_to_recipe_step", "created_at", "id", "ingredient_id", "ingredient_notes", "last_updated_at", "maximum_quantity_value", "measurement_unit", "minimum_quantity_value", "name", "product_of_recipe_step", "quantity_notes", "recipe_step_product_id") values (NULL, '2DMsb4xCDoPQvYn2015tm9i4wuR', '1660520356', '2DMsb6LvxBbSavHxmBSyG5z41eV', '2CEtMkbQfNAgbiIsyKn24P5Uk9e', '', NULL, 0, '2CUumLd5Vxnbp79O7ewWFTeEG8b', 100, 'honey', false, '', NULL);
insert into "recipe_step_ingredients" ("archived_at", "belongs_to_recipe_step", "created_at", "id", "ingredient_id", "ingredient_notes", "last_updated_at", "maximum_quantity_value", "measurement_unit", "minimum_quantity_value", "name", "product_of_recipe_step", "quantity_notes", "recipe_step_product_id") values (NULL, '2DMsb4xCDoPQvYn2015tm9i4wuR', '1660520356', '2DMsb02cvdflv33CT0J9hXeIhhE', '29e1pzP17bqe8Y3mWJ8ci2JAtH4', '', NULL, 0, '2CUumLd5Vxnbp79O7ewWFTeEG8b', 17, 'soy sauce', false, '', NULL);
insert into "recipe_step_ingredients" ("archived_at", "belongs_to_recipe_step", "created_at", "id", "ingredient_id", "ingredient_notes", "last_updated_at", "maximum_quantity_value", "measurement_unit", "minimum_quantity_value", "name", "product_of_recipe_step", "quantity_notes", "recipe_step_product_id") values (NULL, '2DMsb4X9LAwkvD0LvDKCw3fFY5f', '1660520356', '2DMsb2TTIS2jYt77WLtaM5tYRZL', NULL, '', NULL, 0, '2CUumLd5Vxnbp79O7ewWFTeEG8b', 900, 'cubed chicken breast', true, '', '2DMsb75ebpykBU5bC9MT8zn6iGB');
insert into "recipe_step_ingredients" ("archived_at", "belongs_to_recipe_step", "created_at", "id", "ingredient_id", "ingredient_notes", "last_updated_at", "maximum_quantity_value", "measurement_unit", "minimum_quantity_value", "name", "product_of_recipe_step", "quantity_notes", "recipe_step_product_id") values (NULL, '2DMsb4X9LAwkvD0LvDKCw3fFY5f', '1660520356', '2DMsb4XlWSMgtzk9kpf94vz725c', NULL, '', NULL, 0, '2CUumLd5Vxnbp79O7ewWFTeEG8b', 282, 'spicy paste', true, '', '2DMsb1ZhzachjMwslPcJPN1ubZk');
insert into "recipe_step_ingredients" ("archived_at", "belongs_to_recipe_step", "created_at", "id", "ingredient_id", "ingredient_notes", "last_updated_at", "maximum_quantity_value", "measurement_unit", "minimum_quantity_value", "name", "product_of_recipe_step", "quantity_notes", "recipe_step_product_id") values (NULL, '2DMsb4rrFawXpIlfyOum97MEjyW', '1660520356', '2DMsazQS9QBkei4mAgjUZjuQu9n', '2CHOKAxQYljw7QyIIcvSdd4dBb4', '', NULL, 0, '2CUumLd5Vxnbp79O7ewWFTeEG8b', 110, 'korean rice cake', false, '', NULL);
insert into "recipe_step_ingredients" ("archived_at", "belongs_to_recipe_step", "created_at", "id", "ingredient_id", "ingredient_notes", "last_updated_at", "maximum_quantity_value", "measurement_unit", "minimum_quantity_value", "name", "product_of_recipe_step", "quantity_notes", "recipe_step_product_id") values (NULL, '2DMsb4rrFawXpIlfyOum97MEjyW', '1660520356', '2DMsb05faYvNWJE9AcjYYDTwloD', '2CEtSaOXxMMWqx4CW9YYyFWdUSo', '', NULL, 0, '2CUumLd5Vxnbp79O7ewWFTeEG8b', 22, 'vegetable oil', false, '', NULL);
insert into "recipe_step_ingredients" ("archived_at", "belongs_to_recipe_step", "created_at", "id", "ingredient_id", "ingredient_notes", "last_updated_at", "maximum_quantity_value", "measurement_unit", "minimum_quantity_value", "name", "product_of_recipe_step", "quantity_notes", "recipe_step_product_id") values (NULL, '2DMsb1VMdEkRDrUaFagnsp4xHwD', '1660520356', '2DMsb4iH778Qqku9MCFd7I2Qpdp', '29e1LpCHEAVqhEytXFN4IjapLJ0', '', NULL, 0, '2CUumLd5Vxnbp79O7ewWFTeEG8b', 60, 'water', false, '', NULL);
insert into "recipe_step_ingredients" ("archived_at", "belongs_to_recipe_step", "created_at", "id", "ingredient_id", "ingredient_notes", "last_updated_at", "maximum_quantity_value", "measurement_unit", "minimum_quantity_value", "name", "product_of_recipe_step", "quantity_notes", "recipe_step_product_id") values (NULL, '2DMsb1VMdEkRDrUaFagnsp4xHwD', '1660520356', '2DMsb17xXdHNlraXUHgDsxUG8Xw', NULL, '', NULL, 0, '2CUumLd5Vxnbp79O7ewWFTeEG8b', 1182, 'marinated chicken breast', true, '', '2DMsb4nbehYVJXXKTllMvb5Hiqv');
insert into "recipe_step_ingredients" ("archived_at", "belongs_to_recipe_step", "created_at", "id", "ingredient_id", "ingredient_notes", "last_updated_at", "maximum_quantity_value", "measurement_unit", "minimum_quantity_value", "name", "product_of_recipe_step", "quantity_notes", "recipe_step_product_id") values (NULL, '2DMsb4fYqDk2JRcGvyZ4Yt1hzNd', '1660520356', '2DMsb1kC7J3P4tnYjqcjP537J0b', NULL, '', NULL, 0, '2DMkzdacMWDzpUnbpafmjZY7Uis', 1, 'crispy sliced rice cakes', true, '', '2DMsb6siflzRMQPSzmadIINQJzZ');
insert into "recipe_step_ingredients" ("archived_at", "belongs_to_recipe_step", "created_at", "id", "ingredient_id", "ingredient_notes", "last_updated_at", "maximum_quantity_value", "measurement_unit", "minimum_quantity_value", "name", "product_of_recipe_step", "quantity_notes", "recipe_step_product_id") values (NULL, '2DMsb4fYqDk2JRcGvyZ4Yt1hzNd', '1660520356', '2DMsb6aJbMZeFewbt9hmmAelahX', NULL, '', NULL, 0, '2DMqKf12tuK51K5P9ch5fAHEcvL', 1, 'par-cooked chicken', true, '', '2DMsazrk6zRl7X1OZAZNAJhzHCc');
insert into "recipe_step_ingredients" ("archived_at", "belongs_to_recipe_step", "created_at", "id", "ingredient_id", "ingredient_notes", "last_updated_at", "maximum_quantity_value", "measurement_unit", "minimum_quantity_value", "name", "product_of_recipe_step", "quantity_notes", "recipe_step_product_id") values (NULL, '2DMsb0DPlgGGxvcHITZ9yGnOIZi', '1660520356', '2DMsb287fm63ChmWUkZADij6jut', NULL, '', NULL, 0, '2DMqKf12tuK51K5P9ch5fAHEcvL', 1, 'par-cooked chicken and rice cakes', true, '', '2DMsb6cAm69uqe8awXToip1DifO');
insert into "recipe_step_ingredients" ("archived_at", "belongs_to_recipe_step", "created_at", "id", "ingredient_id", "ingredient_notes", "last_updated_at", "maximum_quantity_value", "measurement_unit", "minimum_quantity_value", "name", "product_of_recipe_step", "quantity_notes", "recipe_step_product_id") values (NULL, '2DMsb5VaUqQ1g3AXQpopnNnFnNI', '1660520356', '2DMsb4hfPnDqO30m554QWtzXwvm', '2CEtSaOXxMMWqx4CW9YYyFWdUSo', '', NULL, 0, '2CUumLd5Vxnbp79O7ewWFTeEG8b', 1, 'vegetable oil', false, '', NULL);
insert into "recipe_step_ingredients" ("archived_at", "belongs_to_recipe_step", "created_at", "id", "ingredient_id", "ingredient_notes", "last_updated_at", "maximum_quantity_value", "measurement_unit", "minimum_quantity_value", "name", "product_of_recipe_step", "quantity_notes", "recipe_step_product_id") values (NULL, '2DMsb6PNK4I3v7GflMWEXTMtDFe', '1660520356', '2DMsb4xeQnm8BkI0zQBSQRFn3JZ', '2CHOzLE0Pud3SndR0TgszgKneKf', '', NULL, 0, '2CUumLd5Vxnbp79O7ewWFTeEG8b', 450, 'mozzarella cheese', false, '', NULL);
insert into "recipe_step_ingredients" ("archived_at", "belongs_to_recipe_step", "created_at", "id", "ingredient_id", "ingredient_notes", "last_updated_at", "maximum_quantity_value", "measurement_unit", "minimum_quantity_value", "name", "product_of_recipe_step", "quantity_notes", "recipe_step_product_id") values (NULL, '2DMsb6PNK4I3v7GflMWEXTMtDFe', '1660520356', '2DMsb6ZTZdHiWVw9nIqpjrwFXoM', NULL, '', NULL, 0, '2DMqKf12tuK51K5P9ch5fAHEcvL', 1, 'cooked dish', true, '', '2DMsb1i2z75E7a2CUtWXLASiGq4');
insert into "recipe_step_ingredients" ("archived_at", "belongs_to_recipe_step", "created_at", "id", "ingredient_id", "ingredient_notes", "last_updated_at", "maximum_quantity_value", "measurement_unit", "minimum_quantity_value", "name", "product_of_recipe_step", "quantity_notes", "recipe_step_product_id") values (NULL, '2DMsb4MxlFiQnrZQXgVPlfwSJac', '1660520356', '2DMsb4vy25EeaADBvvt9urPOmt1', NULL, '', NULL, 0, '2DMqKf12tuK51K5P9ch5fAHEcvL', 1, 'cheese covered dish', true, '', '2DMsb0yx1XGLqnLt7TC0XvzjCWv');
insert into "recipe_step_ingredients" ("archived_at", "belongs_to_recipe_step", "created_at", "id", "ingredient_id", "ingredient_notes", "last_updated_at", "maximum_quantity_value", "measurement_unit", "minimum_quantity_value", "name", "product_of_recipe_step", "quantity_notes", "recipe_step_product_id") values (NULL, '2DMsb0EkYu84KYjd3Bu7Ov8i3P9', '1660520356', '2DMsazfW7bTm5czZJThRfmcOjPx', '2DMsNIYcrGllqg3RH9NRS57S1ME', '', NULL, 0, '2DMsP0MxkVxbBswQdvBu7dOdOgF', 3, 'green onion', false, '', NULL);
insert into "recipe_step_ingredients" ("archived_at", "belongs_to_recipe_step", "created_at", "id", "ingredient_id", "ingredient_notes", "last_updated_at", "maximum_quantity_value", "measurement_unit", "minimum_quantity_value", "name", "product_of_recipe_step", "quantity_notes", "recipe_step_product_id") values (NULL, '2DMsb5BbUxJu2P2jETq84YRX47w', '1660520356', '2DMsb43gmaPsCxbNWECHclMsdAR', NULL, '', NULL, 0, '2DMqKf12tuK51K5P9ch5fAHEcvL', 1, 'cooked dish', true, '', '2DMsb3HZHKCcWJ9VnMdtycBVVZx');
insert into "recipe_step_ingredients" ("archived_at", "belongs_to_recipe_step", "created_at", "id", "ingredient_id", "ingredient_notes", "last_updated_at", "maximum_quantity_value", "measurement_unit", "minimum_quantity_value", "name", "product_of_recipe_step", "quantity_notes", "recipe_step_product_id") values (NULL, '2DMsb5BbUxJu2P2jETq84YRX47w', '1660520356', '2DMsazVkpe5wMGfFxzPyPkOufah', NULL, '', NULL, 0, '2DMkzdacMWDzpUnbpafmjZY7Uis', 1, 'chopped green onion', true, '', '2DMsb1eMXDEemjq2zRRoo0JQaIX');
insert into "recipe_step_ingredients" ("archived_at", "belongs_to_recipe_step", "created_at", "id", "ingredient_id", "ingredient_notes", "last_updated_at", "maximum_quantity_value", "measurement_unit", "minimum_quantity_value", "name", "product_of_recipe_step", "quantity_notes", "recipe_step_product_id") values (NULL, '2DN8HmjKrN5q6AVtHvc9xidC8gE', '1660528097', '2DN8HnXXXgyfVl2fnm4mGbDKvtS', '2DN2slVuOp4b9xTIBrlp4h3s59v', '', NULL, 0, '2CUumM34fwvbuzbPxb3z53GwANs', 2, 'garam masala', false, '', NULL);
insert into "recipe_step_ingredients" ("archived_at", "belongs_to_recipe_step", "created_at", "id", "ingredient_id", "ingredient_notes", "last_updated_at", "maximum_quantity_value", "measurement_unit", "minimum_quantity_value", "name", "product_of_recipe_step", "quantity_notes", "recipe_step_product_id") values (NULL, '2DN8HmjKrN5q6AVtHvc9xidC8gE', '1660528097', '2DN8HpexrC0OdlXhxkNlXETJUO7', '2DN2AxUNN5xnCRfNqQdeDuEG2so', '', NULL, 0, '2CUumPXMn2nesduGGX7h6B8IV7e', 0.5, 'cumin', false, '', NULL);
insert into "recipe_step_ingredients" ("archived_at", "belongs_to_recipe_step", "created_at", "id", "ingredient_id", "ingredient_notes", "last_updated_at", "maximum_quantity_value", "measurement_unit", "minimum_quantity_value", "name", "product_of_recipe_step", "quantity_notes", "recipe_step_product_id") values (NULL, '2DN8HmjKrN5q6AVtHvc9xidC8gE', '1660528097', '2DN8HqUro52Do3oOevswftjL4Wx', '2DN2BaQiIbFl82hvPGg4UG3i2gh', '', NULL, 0, '2CUumPXMn2nesduGGX7h6B8IV7e', 0.5, 'turmeric', false, '', NULL);
insert into "recipe_step_ingredients" ("archived_at", "belongs_to_recipe_step", "created_at", "id", "ingredient_id", "ingredient_notes", "last_updated_at", "maximum_quantity_value", "measurement_unit", "minimum_quantity_value", "name", "product_of_recipe_step", "quantity_notes", "recipe_step_product_id") values (NULL, '2DN8HmjKrN5q6AVtHvc9xidC8gE', '1660528097', '2DN8HrHglaAXyGlz5AzbN1cI8B5', '2DN2CfpIHYrn7mmf6tjraxMNkyM', '', NULL, 0, '2CUumPXMn2nesduGGX7h6B8IV7e', 0.5, 'smoked paprika', false, '', NULL);
insert into "recipe_step_ingredients" ("archived_at", "belongs_to_recipe_step", "created_at", "id", "ingredient_id", "ingredient_notes", "last_updated_at", "maximum_quantity_value", "measurement_unit", "minimum_quantity_value", "name", "product_of_recipe_step", "quantity_notes", "recipe_step_product_id") values (NULL, '2DN8HmjKrN5q6AVtHvc9xidC8gE', '1660528097', '2DN8HqRhy6i0qSjFckGHEjwvq5R', '2DN2C2I9gEpPoBbuukYxUBQJtBv', '', NULL, 0, '2CUumPXMn2nesduGGX7h6B8IV7e', 0.25, 'cayenne', false, '', NULL);
insert into "recipe_step_ingredients" ("archived_at", "belongs_to_recipe_step", "created_at", "id", "ingredient_id", "ingredient_notes", "last_updated_at", "maximum_quantity_value", "measurement_unit", "minimum_quantity_value", "name", "product_of_recipe_step", "quantity_notes", "recipe_step_product_id") values (NULL, '2DN8HmjKrN5q6AVtHvc9xidC8gE', '1660528097', '2DN8Ho6gC9L4r9dfieOZAvSZOip', '2BAnJB5ISl74EcbtcGefCDSSPkR', '', NULL, 0, '2CUumPXMn2nesduGGX7h6B8IV7e', 0.5, 'salt', false, '', NULL);
insert into "recipe_step_ingredients" ("archived_at", "belongs_to_recipe_step", "created_at", "id", "ingredient_id", "ingredient_notes", "last_updated_at", "maximum_quantity_value", "measurement_unit", "minimum_quantity_value", "name", "product_of_recipe_step", "quantity_notes", "recipe_step_product_id") values (NULL, '2DN8HmjKrN5q6AVtHvc9xidC8gE', '1660528097', '2DN8HsbUOksjE95pgX9JMImiJ0S', '29e1kh8Pll1QHI62ej4X5yo3wjN', '', NULL, 0, '2CUumLd5Vxnbp79O7ewWFTeEG8b', 1, 'black pepper', false, '', NULL);
insert into "recipe_step_ingredients" ("archived_at", "belongs_to_recipe_step", "created_at", "id", "ingredient_id", "ingredient_notes", "last_updated_at", "maximum_quantity_value", "measurement_unit", "minimum_quantity_value", "name", "product_of_recipe_step", "quantity_notes", "recipe_step_product_id") values (NULL, '2DN8HqNpC7Bcm3h4vJKDNRNR49g', '1660528097', '2DN8Hp4UNhbsYMp1U0pleEIY0vP', '2CM1juWdv4pvV3sHleveTV0zgSU', '', NULL, 0, '2CUumOxYpP5N2I0Nb0nYqwbECI0', 1, 'onion', false, '', NULL);
insert into "recipe_step_ingredients" ("archived_at", "belongs_to_recipe_step", "created_at", "id", "ingredient_id", "ingredient_notes", "last_updated_at", "maximum_quantity_value", "measurement_unit", "minimum_quantity_value", "name", "product_of_recipe_step", "quantity_notes", "recipe_step_product_id") values (NULL, '2DN8HtbI8Kz8URxPd7MYfurKmAz', '1660528097', '2DN8HmkX5rbaJxQN00x4CAG6tZ8', '29e1iG8OCeFoUqkVBTFhTrrCOrA', '', NULL, 0, '2CUumT5hzcIrvYpEDmrRmgrpi8J', 3, 'garlic', false, '', NULL);
insert into "recipe_step_ingredients" ("archived_at", "belongs_to_recipe_step", "created_at", "id", "ingredient_id", "ingredient_notes", "last_updated_at", "maximum_quantity_value", "measurement_unit", "minimum_quantity_value", "name", "product_of_recipe_step", "quantity_notes", "recipe_step_product_id") values (NULL, '2DN8HpefLn5qtSYCPqA6yUvxaaE', '1660528097', '2DN8Hr87zrN2ioZ4R7S8NYO3eTD', '29e1jZ8p2Kfy40F6XHCtyPXubkv', '', NULL, 0, '2CUumLd5Vxnbp79O7ewWFTeEG8b', 30, 'ginger', false, '', NULL);
insert into "recipe_step_ingredients" ("archived_at", "belongs_to_recipe_step", "created_at", "id", "ingredient_id", "ingredient_notes", "last_updated_at", "maximum_quantity_value", "measurement_unit", "minimum_quantity_value", "name", "product_of_recipe_step", "quantity_notes", "recipe_step_product_id") values (NULL, '2DN8HmY2XBxTyQNGkCLuDIwrBdG', '1660528097', '2DN8Hn7fvxZnOV7EhyJScBJOgoO', '2DN3dN0URPJGCsqr0X6Pde0tIKF', '', NULL, 0, '2CUumM34fwvbuzbPxb3z53GwANs', 2, 'olive oil', false, '', NULL);
insert into "recipe_step_ingredients" ("archived_at", "belongs_to_recipe_step", "created_at", "id", "ingredient_id", "ingredient_notes", "last_updated_at", "maximum_quantity_value", "measurement_unit", "minimum_quantity_value", "name", "product_of_recipe_step", "quantity_notes", "recipe_step_product_id") values (NULL, '2DN8HmY2XBxTyQNGkCLuDIwrBdG', '1660528097', '2DN8Hmu5zJrsrrCyElrFlcTx1RC', NULL, '', NULL, 0, '2CUumOxYpP5N2I0Nb0nYqwbECI0', 1, 'diced onion', true, '', '2DN8HrhdkL38zddGUg7skcZvQ4g');
insert into "recipe_step_ingredients" ("archived_at", "belongs_to_recipe_step", "created_at", "id", "ingredient_id", "ingredient_notes", "last_updated_at", "maximum_quantity_value", "measurement_unit", "minimum_quantity_value", "name", "product_of_recipe_step", "quantity_notes", "recipe_step_product_id") values (NULL, '2DN8HmY2XBxTyQNGkCLuDIwrBdG', '1660528097', '2DN8HoysK7PUzk5u67c2HhaluxJ', NULL, '', NULL, 0, '2CUumT5hzcIrvYpEDmrRmgrpi8J', 3, 'minced garlic', true, '', '2DN8HoiwkVdvOhXVINls6apK7MZ');
insert into "recipe_step_ingredients" ("archived_at", "belongs_to_recipe_step", "created_at", "id", "ingredient_id", "ingredient_notes", "last_updated_at", "maximum_quantity_value", "measurement_unit", "minimum_quantity_value", "name", "product_of_recipe_step", "quantity_notes", "recipe_step_product_id") values (NULL, '2DN8HmY2XBxTyQNGkCLuDIwrBdG', '1660528097', '2DN8HqbM1mjQvU9hiJcyn80GU6M', NULL, '', NULL, 0, '2CUumM34fwvbuzbPxb3z53GwANs', 0.5, 'grated ginger', true, '', '2DN8HoSHGN3Rc5ELy3G8M8zbbCN');
insert into "recipe_step_ingredients" ("archived_at", "belongs_to_recipe_step", "created_at", "id", "ingredient_id", "ingredient_notes", "last_updated_at", "maximum_quantity_value", "measurement_unit", "minimum_quantity_value", "name", "product_of_recipe_step", "quantity_notes", "recipe_step_product_id") values (NULL, '2DN8HnMeJN2IDBrjmEBJA8ikRfe', '1660528097', '2DN8HsScgYatI79Ye0CQPCrMj76', NULL, '', NULL, 0, '2DMkzdacMWDzpUnbpafmjZY7Uis', 1, 'masala spice mix', true, '', '2DN8HriDlAX3pqR8TbgmeKogkM1');
insert into "recipe_step_ingredients" ("archived_at", "belongs_to_recipe_step", "created_at", "id", "ingredient_id", "ingredient_notes", "last_updated_at", "maximum_quantity_value", "measurement_unit", "minimum_quantity_value", "name", "product_of_recipe_step", "quantity_notes", "recipe_step_product_id") values (NULL, '2DN8HnMeJN2IDBrjmEBJA8ikRfe', '1660528097', '2DN8HsrbLKwuavwMgz2uxHzXxhS', NULL, '', NULL, 0, '2DMqKf12tuK51K5P9ch5fAHEcvL', 1, 'cooked onions', true, '', '2DN8Hn79ZIydNB33DeMOMOpsbGk');
insert into "recipe_step_ingredients" ("archived_at", "belongs_to_recipe_step", "created_at", "id", "ingredient_id", "ingredient_notes", "last_updated_at", "maximum_quantity_value", "measurement_unit", "minimum_quantity_value", "name", "product_of_recipe_step", "quantity_notes", "recipe_step_product_id") values (NULL, '2DN8HnXwxd7AlEfem1YzSCveo8q', '1660528097', '2DN8HqcQa6V3fbeB1BO2rfCogIi', '2DN788E0P2TVydjTLJBQPYbW956', '', NULL, 0, '2DN79fZhNvLniJQnLimRkFeFfeQ', 12, 'cauliflower florets', false, '', NULL);
insert into "recipe_step_ingredients" ("archived_at", "belongs_to_recipe_step", "created_at", "id", "ingredient_id", "ingredient_notes", "last_updated_at", "maximum_quantity_value", "measurement_unit", "minimum_quantity_value", "name", "product_of_recipe_step", "quantity_notes", "recipe_step_product_id") values (NULL, '2DN8HnXwxd7AlEfem1YzSCveo8q', '1660528097', '2DN8HqfaZmp0n4SLDuAcI4K56UU', NULL, '', NULL, 0, '2DMqKf12tuK51K5P9ch5fAHEcvL', 1, 'cooked masala onions', true, '', '2DN8HmtOavphZHhMwbT1GqFFtL7');
insert into "recipe_step_ingredients" ("archived_at", "belongs_to_recipe_step", "created_at", "id", "ingredient_id", "ingredient_notes", "last_updated_at", "maximum_quantity_value", "measurement_unit", "minimum_quantity_value", "name", "product_of_recipe_step", "quantity_notes", "recipe_step_product_id") values (NULL, '2DN8Hr5jgcmYcZXcnKGC51Km4sZ', '1660528097', '2DN8HqMyRmmik3KHDMKvw9jYPyO', '2DN7VezfIvFgFGEQSIRYm6bsnoI', '', NULL, 0, '2CUumO7M5l6dLlRNZ1iG28GH2Sw', 1, 'chickpea', false, '', NULL);
insert into "recipe_step_ingredients" ("archived_at", "belongs_to_recipe_step", "created_at", "id", "ingredient_id", "ingredient_notes", "last_updated_at", "maximum_quantity_value", "measurement_unit", "minimum_quantity_value", "name", "product_of_recipe_step", "quantity_notes", "recipe_step_product_id") values (NULL, '2DN8HnhnvzaAyeRNqn4Ze2Z0dTK', '1660528097', '2DN8HswgfAHk29VUC7HfAa3dsy3', NULL, '', NULL, 0, '2CUumO7M5l6dLlRNZ1iG28GH2Sw', 1, 'drained chickpeas', true, '', '2DN8HqlJK8VJfcCg5Noq4OcwDWQ');
insert into "recipe_step_ingredients" ("archived_at", "belongs_to_recipe_step", "created_at", "id", "ingredient_id", "ingredient_notes", "last_updated_at", "maximum_quantity_value", "measurement_unit", "minimum_quantity_value", "name", "product_of_recipe_step", "quantity_notes", "recipe_step_product_id") values (NULL, '2DN8HnhnvzaAyeRNqn4Ze2Z0dTK', '1660528097', '2DN8Ht22XZmbohkEMpZQrgIL9fn', '2DN7wmxVxXvh7REbnsSZHnuoxv5', '', NULL, 0, '2CUumO7M5l6dLlRNZ1iG28GH2Sw', 1, 'tomato sauce', false, '', NULL);
insert into "recipe_step_ingredients" ("archived_at", "belongs_to_recipe_step", "created_at", "id", "ingredient_id", "ingredient_notes", "last_updated_at", "maximum_quantity_value", "measurement_unit", "minimum_quantity_value", "name", "product_of_recipe_step", "quantity_notes", "recipe_step_product_id") values (NULL, '2DN8HnhnvzaAyeRNqn4Ze2Z0dTK', '1660528097', '2DN8HqAQj3Gas7rQNMeSPVsUlnR', NULL, '', NULL, 0, '2DMqKf12tuK51K5P9ch5fAHEcvL', 1, 'partially cooked cauliflower', true, '', '2DN8Hnrb3DMQAfVr87XCDdB3TWM');
insert into "recipe_step_ingredients" ("archived_at", "belongs_to_recipe_step", "created_at", "id", "ingredient_id", "ingredient_notes", "last_updated_at", "maximum_quantity_value", "measurement_unit", "minimum_quantity_value", "name", "product_of_recipe_step", "quantity_notes", "recipe_step_product_id") values (NULL, '2DN8HnhnvzaAyeRNqn4Ze2Z0dTK', '1660528097', '2DN8HqQYynY3p7dU9scJ49gKpbL', '29e1LpCHEAVqhEytXFN4IjapLJ0', '', NULL, 0, '2CUumLd5Vxnbp79O7ewWFTeEG8b', 60, 'water', false, '', NULL);
insert into "recipe_step_ingredients" ("archived_at", "belongs_to_recipe_step", "created_at", "id", "ingredient_id", "ingredient_notes", "last_updated_at", "maximum_quantity_value", "measurement_unit", "minimum_quantity_value", "name", "product_of_recipe_step", "quantity_notes", "recipe_step_product_id") values (NULL, '2DN8HnEQ4Ycomw5XIPRRMqAz5eB', '1660528097', '2DN8Hu1ywacHYrFQ482PXNhm47Q', '2DN88darejEca77BCNIxQOBRsHf', '', NULL, 0, '2CUumP2No8mYzti8SY0QHgAdgv7', 0.33000001311302185, 'heavy cream', false, '', NULL);
insert into "recipe_step_ingredients" ("archived_at", "belongs_to_recipe_step", "created_at", "id", "ingredient_id", "ingredient_notes", "last_updated_at", "maximum_quantity_value", "measurement_unit", "minimum_quantity_value", "name", "product_of_recipe_step", "quantity_notes", "recipe_step_product_id") values (NULL, '2DOe0XmvxukAxAxTe6Zo9sDBBqm', '1660574335', '2DOe0aU8LD2yYat75Cc9KvA8njy', '2B7l0sGcDrHITuhj6qp3IgC2Zcj', '', NULL, 0, '2CUumLd5Vxnbp79O7ewWFTeEG8b', 130, 'mayocoba beans', false, '', NULL);
insert into "recipe_step_ingredients" ("archived_at", "belongs_to_recipe_step", "created_at", "id", "ingredient_id", "ingredient_notes", "last_updated_at", "maximum_quantity_value", "measurement_unit", "minimum_quantity_value", "name", "product_of_recipe_step", "quantity_notes", "recipe_step_product_id") values (NULL, '2DOe0XmvxukAxAxTe6Zo9sDBBqm', '1660574335', '2DOe0a8Xk4x5o2nS1WjAPRnqPxU', '2B4S0Gg1bPp4emlhXR3z3D3iEak', '', NULL, 0, '2CUumLd5Vxnbp79O7ewWFTeEG8b', 450, 'pinto beans', false, '', NULL);
insert into "recipe_step_ingredients" ("archived_at", "belongs_to_recipe_step", "created_at", "id", "ingredient_id", "ingredient_notes", "last_updated_at", "maximum_quantity_value", "measurement_unit", "minimum_quantity_value", "name", "product_of_recipe_step", "quantity_notes", "recipe_step_product_id") values (NULL, '2DOe0XmvxukAxAxTe6Zo9sDBBqm', '1660574335', '2DOe0Y49UycsJNuuKdxzZyWBZWQ', '29e1LpCHEAVqhEytXFN4IjapLJ0', '', NULL, 0, '2CUumP2No8mYzti8SY0QHgAdgv7', 8, 'water', false, '', NULL);
insert into "recipe_step_ingredients" ("archived_at", "belongs_to_recipe_step", "created_at", "id", "ingredient_id", "ingredient_notes", "last_updated_at", "maximum_quantity_value", "measurement_unit", "minimum_quantity_value", "name", "product_of_recipe_step", "quantity_notes", "recipe_step_product_id") values (NULL, '2DOe0aPIirFKbxlXsnaEhV6Zhsh', '1660574335', '2DOe0XBojoglok2gatLqQOftrBC', NULL, '', NULL, 0, '2DOdDaQT394xaLalwDUleXMWKYi', 1, 'soaked beans', true, '', '2DOe0aLbLBoKrQBdYvawpWR4Sgd');
insert into "recipe_step_ingredients" ("archived_at", "belongs_to_recipe_step", "created_at", "id", "ingredient_id", "ingredient_notes", "last_updated_at", "maximum_quantity_value", "measurement_unit", "minimum_quantity_value", "name", "product_of_recipe_step", "quantity_notes", "recipe_step_product_id") values (NULL, '2DOe0WHahRbn814OQNFQ7GPq3Rd', '1660574335', '2DOe0ZrPHgCVXzuYq1Yp7GE8m6D', NULL, '', NULL, 0, '2DOdDaQT394xaLalwDUleXMWKYi', 1, 'drained beans', true, '', '2DOe0WGljLcwIlTuo8Th413ajx8');
insert into "recipe_step_ingredients" ("archived_at", "belongs_to_recipe_step", "created_at", "id", "ingredient_id", "ingredient_notes", "last_updated_at", "maximum_quantity_value", "measurement_unit", "minimum_quantity_value", "name", "product_of_recipe_step", "quantity_notes", "recipe_step_product_id") values (NULL, '2DOe0WHahRbn814OQNFQ7GPq3Rd', '1660574335', '2DOe0c4nDbgQDyLW1BMadasHsxh', '29e1LpCHEAVqhEytXFN4IjapLJ0', '', NULL, 0, '2CUumP2No8mYzti8SY0QHgAdgv7', 5, 'water', false, '', NULL);
insert into "recipe_step_ingredients" ("archived_at", "belongs_to_recipe_step", "created_at", "id", "ingredient_id", "ingredient_notes", "last_updated_at", "maximum_quantity_value", "measurement_unit", "minimum_quantity_value", "name", "product_of_recipe_step", "quantity_notes", "recipe_step_product_id") values (NULL, '2DOe0WHahRbn814OQNFQ7GPq3Rd', '1660574335', '2DOe0XKTAs0rYGxu53gl9zHIDCC', '29e1iG8OCeFoUqkVBTFhTrrCOrA', '', NULL, 0, '2CUumT5hzcIrvYpEDmrRmgrpi8J', 5, 'garlic', false, '', NULL);
insert into "recipe_step_ingredients" ("archived_at", "belongs_to_recipe_step", "created_at", "id", "ingredient_id", "ingredient_notes", "last_updated_at", "maximum_quantity_value", "measurement_unit", "minimum_quantity_value", "name", "product_of_recipe_step", "quantity_notes", "recipe_step_product_id") values (NULL, '2DOe0WHahRbn814OQNFQ7GPq3Rd', '1660574335', '2DOe0VorH0mxkB1p6tLXhLA0wq2', '2CLnpflsTjUluouTNIcMOpVrGgr', '', NULL, 0, '2DOdm25s7LPl6VbH7Xw6nINljOP', 1, 'bay leaf', false, '', NULL);
insert into "recipe_step_ingredients" ("archived_at", "belongs_to_recipe_step", "created_at", "id", "ingredient_id", "ingredient_notes", "last_updated_at", "maximum_quantity_value", "measurement_unit", "minimum_quantity_value", "name", "product_of_recipe_step", "quantity_notes", "recipe_step_product_id") values (NULL, '2DOe0WHahRbn814OQNFQ7GPq3Rd', '1660574335', '2DOe0bdRlZ6AvN9ESgNSLiUXGyg', '2BAnJB5ISl74EcbtcGefCDSSPkR', '', NULL, 0, '2CUumLd5Vxnbp79O7ewWFTeEG8b', 5, 'salt', false, '', NULL);
insert into "recipe_step_ingredients" ("archived_at", "belongs_to_recipe_step", "created_at", "id", "ingredient_id", "ingredient_notes", "last_updated_at", "maximum_quantity_value", "measurement_unit", "minimum_quantity_value", "name", "product_of_recipe_step", "quantity_notes", "recipe_step_product_id") values (NULL, '2DOe0WHahRbn814OQNFQ7GPq3Rd', '1660574335', '2DOe0cKV1E8fLbfUpcVlaK8Td32', '29e1kh8Pll1QHI62ej4X5yo3wjN', '', NULL, 0, '2CUumLd5Vxnbp79O7ewWFTeEG8b', 3, 'black pepper', false, '', NULL);
insert into "recipe_step_ingredients" ("archived_at", "belongs_to_recipe_step", "created_at", "id", "ingredient_id", "ingredient_notes", "last_updated_at", "maximum_quantity_value", "measurement_unit", "minimum_quantity_value", "name", "product_of_recipe_step", "quantity_notes", "recipe_step_product_id") values (NULL, '2DOe0WHahRbn814OQNFQ7GPq3Rd', '1660574335', '2DOe0aMxH6DE9wPOO6ZIe6LWGCX', '2CLnktm5HhGQ7RcLLYWg6FJ8ent', '', NULL, 0, '2CUumLd5Vxnbp79O7ewWFTeEG8b', 50, 'lard', false, '', NULL);
