/*
Some Notes:

1. All passwords are `PrixFixe1!`, without backticks. 
 */

-- Users

INSERT INTO "users" (
    "id",
    "username",
    "email_address",
    "hashed_password",
    "two_factor_secret",
    "two_factor_secret_verified_on",
    "password_last_changed_on",
    "reputation",
    "service_roles",
    "created_on",
    "archived_on"
)
VALUES
(
    '242JvdHmmWASsLrccxeTr14jO3b',
    'admin',
    'admin@prixfixe.email',
    '$argon2id$v=19$m=65536,t=1,p=2$QdxGzEsSJc24mMaW4k3kzQ$uqwRs4CuwRJZKAIXjcR9G1V0Qpv38YtL9vK3wm7SZho',
    'AAAAAAAAAAAAAAAAAAAAAAAAAAAAAAAAAAAAAAAAAAAAAAAAAAAAAAAAAAAAAAAAAAAAAAAAAAAAAAAAAAAAAAAAAAAAAAAAAAAAAAA=',
    '1641786300',
    NULL,
    'good',
    'service_admin',
    '1641786189',
    NULL
),
(
    '242IshfGlwFV0yOm5OTl2NMnU6M',
    'momJones',
    'mom@jones.com',
    '$argon2id$v=19$m=65536,t=1,p=2$QdxGzEsSJc24mMaW4k3kzQ$uqwRs4CuwRJZKAIXjcR9G1V0Qpv38YtL9vK3wm7SZho',
    'AAAAAAAAAAAAAAAAAAAAAAAAAAAAAAAAAAAAAAAAAAAAAAAAAAAAAAAAAAAAAAAAAAAAAAAAAAAAAAAAAAAAAAAAAAAAAAAAAAAAAAA=',
    '1641786300',
    NULL,
    'good',
    'service_user',
    '1641786189',
    NULL
),
(
    '242IsezjD5MePir3phbnMJVN5An',
    'dadJones',
    'dad@jones.com',
    '$argon2id$v=19$m=65536,t=1,p=2$QdxGzEsSJc24mMaW4k3kzQ$uqwRs4CuwRJZKAIXjcR9G1V0Qpv38YtL9vK3wm7SZho',
    'AAAAAAAAAAAAAAAAAAAAAAAAAAAAAAAAAAAAAAAAAAAAAAAAAAAAAAAAAAAAAAAAAAAAAAAAAAAAAAAAAAAAAAAAAAAAAAAAAAAAAAA=',
    '1641786300',
    NULL,
    'good',
    'service_user',
    '1641786189',
    NULL
),
(
    '242IsfmqJyO8v5Gw44xDPNcnXUy',
    'sallyJones',
    'sally@jones.com',
    '$argon2id$v=19$m=65536,t=1,p=2$QdxGzEsSJc24mMaW4k3kzQ$uqwRs4CuwRJZKAIXjcR9G1V0Qpv38YtL9vK3wm7SZho',
    'AAAAAAAAAAAAAAAAAAAAAAAAAAAAAAAAAAAAAAAAAAAAAAAAAAAAAAAAAAAAAAAAAAAAAAAAAAAAAAAAAAAAAAAAAAAAAAAAAAAAAAA=',
    '1641786300',
    NULL,
    'good',
    'service_user',
    '1641786189',
    NULL
),
(
    '242IsgJzNACYclM2fNitpFlLRji',
    'billyJones',
    'billy@jones.com',
    '$argon2id$v=19$m=65536,t=1,p=2$QdxGzEsSJc24mMaW4k3kzQ$uqwRs4CuwRJZKAIXjcR9G1V0Qpv38YtL9vK3wm7SZho',
    'AAAAAAAAAAAAAAAAAAAAAAAAAAAAAAAAAAAAAAAAAAAAAAAAAAAAAAAAAAAAAAAAAAAAAAAAAAAAAAAAAAAAAAAAAAAAAAAAAAAAAAA=',
    '1641786300',
    NULL,
    'good',
    'service_user',
    '1641786189',
    NULL
);

-- Households

INSERT INTO "households"
(
    "id",
    "name",
    "contact_email",
    "contact_phone",
    "billing_status",
    "payment_processor_customer_id",
    "subscription_plan_id",
    "belongs_to_user",
    "created_on",
    "last_updated_on",
    "archived_on"
)
VALUES
(
    '242JKAD4xrFnVPrtSUgwAXMJpBT',
    'admin_default',
    '',
    '',
    'unpaid',
    '',
    NULL,
    '242JvdHmmWASsLrccxeTr14jO3b',
    '1641786189',
    NULL,
    NULL
),
(
    '242JK9oro0PoSqGAFx4gaYwRVjB',
    'The Jones Household',
    '',
    '',
    'paid',
    '',
    NULL,
    '242IshfGlwFV0yOm5OTl2NMnU6M',
    '1641786189',
    NULL,
    NULL
);

-- Household Memberships

INSERT INTO "household_user_memberships" (
    "id",
    "belongs_to_user",
    "belongs_to_household",
    "default_household",
    "household_roles",
    "created_on",
    "last_updated_on",
    "archived_on"
) 
VALUES
(
    '242K1k2JfWPYVyyqQHlz25nJS42',
    '242JvdHmmWASsLrccxeTr14jO3b',
    '242JKAD4xrFnVPrtSUgwAXMJpBT',
    true,
    'household_admin',
    '1641786189',
    NULL,
    NULL
),
(
    '242K1l04Tuq5gsmCY00FQxmGFpE',
    '242IshfGlwFV0yOm5OTl2NMnU6M',
    '242JK9oro0PoSqGAFx4gaYwRVjB',
    true,
    'household_admin',
    '1641786189',
    NULL,
    NULL
),
(
    '242K1mmV5sQW7LLLvGD8BQWbfDY',
    '242IsezjD5MePir3phbnMJVN5An',
    '242JK9oro0PoSqGAFx4gaYwRVjB',
    true,
    'household_member',
    '1641786189',
    NULL,
    NULL
),
(
    '242K1nnFEqUmmwKmWaL1elY5Fmy',
    '242IsfmqJyO8v5Gw44xDPNcnXUy',
    '242JK9oro0PoSqGAFx4gaYwRVjB',
    true,
    'household_member',
    '1641786189',
    NULL,
    NULL
),
(
    '242K1n8kA2TwwOuqkrTGhQRjLip',
    '242IsgJzNACYclM2fNitpFlLRji',
    '242JK9oro0PoSqGAFx4gaYwRVjB',
    true,
    'household_member',
    '1641786189',
    NULL,
    NULL
);

-- Valid Ingredients

INSERT INTO "valid_ingredients" (
    "id",
    "name",
    "variant",
    "description",
    "icon_path",
    "warning",
    "animal_derived",
    "animal_flesh",
    "contains_gluten",
    "contains_dairy",
    "contains_egg",
    "contains_fish",
    "contains_peanut",
    "contains_sesame",
    "contains_shellfish",
    "contains_soy",
    "contains_tree_nut",
    "contains_wheat",
    "volumetric",
    "created_on",
    "last_updated_on",
    "archived_on"
)
VALUES
(
    '242K6rf5zYjACazuqbWQR8fmRh5',
    'chicken breast',
    '',
    '',
    '',
    '',
    true,
    true,
    false,
    false,
    false,
    false,
    false,
    false,
    false,
    false,
    false,
    false,
    false,
    '1641866784',
    NULL,
    NULL
),
(
    '242K6mpP9j7pguQPL8f2B0Cwiwa',
    'water',
    '',
    '',
    '',
    '',
    false,
    false,
    false,
    false,
    false,
    false,
    false,
    false,
    false,
    false,
    false,
    false,
    false,
    '1641866784',
    NULL,
    NULL
),
(
    '242K6lUSTFS3RkDNwdKI0RMZnYg',
    'onion',
    '',
    '',
    '',
    '',
    false,
    false,
    false,
    false,
    false,
    false,
    false,
    false,
    false,
    false,
    false,
    false,
    false,
    '1641866784',
    NULL,
    NULL
),
(
    '242K6rT1M9HV4g7UMlz1iUZWEnT',
    'garlic',
    '',
    '',
    '',
    '',
    false,
    false,
    false,
    false,
    false,
    false,
    false,
    false,
    false,
    false,
    false,
    false,
    false,
    '1641866784',
    NULL,
    NULL
),
(
    '242K6majTgy4uSTfC2ve18NEGtw',
    'black pepper',
    '',
    '',
    '',
    '',
    false,
    false,
    false,
    false,
    false,
    false,
    false,
    false,
    false,
    false,
    false,
    false,
    false,
    '1641866784',
    NULL,
    NULL
),
(
    '242K6sBp4qB1y8nAiRvjf45pclL',
    'olive oil',
    '',
    '',
    '',
    '',
    false,
    false,
    false,
    false,
    false,
    false,
    false,
    false,
    false,
    false,
    false,
    false,
    false,
    '1641866784',
    NULL,
    NULL
),
(
    '242K6naFi701gk2Vw0cgtHIqk7y',
    'coffee',
    '',
    '',
    '',
    '',
    false,
    false,
    false,
    false,
    false,
    false,
    false,
    false,
    false,
    false,
    false,
    false,
    false,
    '1641866784',
    NULL,
    NULL
),
(
    '242K6r9nU2631TR7Rqw2y91SJpj',
    'pasta',
    '',
    '',
    '',
    '',
    false,
    false,
    true,
    false,
    false,
    false,
    false,
    false,
    false,
    false,
    false,
    false,
    false,
    '1641866784',
    NULL,
    NULL
),
(
    '242K6qNiXW9CghKfon91bTfR8jT',
    'tomato',
    '',
    '',
    '',
    '',
    false,
    false,
    false,
    false,
    false,
    false,
    false,
    false,
    false,
    false,
    false,
    false,
    false,
    '1641866784',
    NULL,
    NULL
),
(
    '242KNFK2ZGVJLLsisy0ubPp4ncp',
    'mozzarella',
    '',
    '',
    '',
    '',
    true,
    false,
    false,
    true,
    false,
    false,
    false,
    false,
    false,
    false,
    false,
    false,
    false,
    '1641866784',
    NULL,
    NULL
);

-- Valid Instruments

INSERT INTO "valid_instruments"
(
    "id",
    "name",
    "variant",
    "description",
    "icon_path",
    "created_on",
    "last_updated_on",
    "archived_on"
)
VALUES
(
    '242MIAAci4vYKu6WFca5Bwdt3cp',
    'spoon',
    '',
    '',
    '',
    '1641870035',
    NULL,
    NULL
);

-- Valid Preparations

INSERT INTO "valid_preparations"
(
    "id",
    "name",
    "description",
    "icon_path",
    "created_on",
    "last_updated_on",
    "archived_on"
)
VALUES
(
    '242KSZW9sQHmaJlqR9PVdOQyzYe',
    'dice',
    '',
    '',
    '1641866834',
    NULL,
    NULL
),
(
    '242KSYqWQ3P5uG9UDNSS4Z1ArPP',
    'slice',
    '',
    '',
    '1641866834',
    NULL,
    NULL
),
(
    '242KSVGj7o2hTZkhcxhPHy9YCB1',
    'plate',
    '',
    '',
    '1641866834',
    NULL,
    NULL
),
(
    '242KScT8EAqUpovwmVc8ZxwODBS',
    'sautee',
    '',
    '',
    '1641866834',
    NULL,
    NULL
),
(
    '242KSaMIRbPHmJtQ0N2IElTQm4T',
    'marinate',
    '',
    '',
    '1641866834',
    NULL,
    NULL
),
(
    '242KSc0kYusZeGhHvRDgLalzcc3',
    'boil',
    '',
    '',
    '1641866834',
    NULL,
    NULL
),
(
    '242KSVXFwEvzXGZwK7L4YMllSIm',
    'drain',
    '',
    '',
    '1641866834',
    NULL,
    NULL
),
(
    '242KSXAwTGR3zQKJgUVobr8Nbu3',
    'grill',
    '',
    '',
    '1641866834',
    NULL,
    NULL
);

-- Recipes

INSERT INTO "recipes"
(
    "id",
    "name",
    "description",
    "inspired_by_recipe_id",
    "source",
    "created_by_user",
    "created_on",
    "last_updated_on",
    "archived_on"
)
VALUES
(
    '242Kja7X4LeEU5Z8bIZEN6jqBnU',
    'mushroom risotto',
    '',
    '',
    '',
    '242IshfGlwFV0yOm5OTl2NMnU6M',
    '1641867047',
    NULL,
    NULL
),
(
    '242KjT0WJ6tm4qGH1KhHoKaJj0v',
    'grilled chicken',
    '',
    '',
    '',
    '242IshfGlwFV0yOm5OTl2NMnU6M',
    '1641867048',
    NULL,
    NULL
),
(
    '242KjVZNo4aIUbxfmfwTwUmxH3E',
    'caprese salad',
    '',
    '',
    '',
    '242IshfGlwFV0yOm5OTl2NMnU6M',
    '1641867048',
    NULL,
    NULL
),
(
    '242KjZLuiBiNYD1Gkrh2wAjr8A0',
    'spaghetti with meat balls',
    '',
    '',
    '',
    '242IshfGlwFV0yOm5OTl2NMnU6M',
    '1641867048',
    NULL,
    NULL
);

-- Recipe Steps

INSERT INTO "recipe_steps" (
    "id",
    "index",
    "preparation_id",
    "prerequisite_step",
    "min_estimated_time_in_seconds",
    "max_estimated_time_in_seconds",
    "temperature_in_celsius",
    "notes",
    "why",
    "belongs_to_recipe"
)
VALUES
(
    '242LnPnhFnFlb14eyqHRWj3Et4I',
    0,
    '242KSZW9sQHmaJlqR9PVdOQyzYe',
    0,
    0,
    0,
    NULL,
    '',
    '',
    '242Kja7X4LeEU5Z8bIZEN6jqBnU'
),
(
    '242LnPXtlLt1MlXgR27jygkL14l',
    0,
    '242KScT8EAqUpovwmVc8ZxwODBS',
    0,
    0,
    0,
    NULL,
    '',
    '',
    '242Kja7X4LeEU5Z8bIZEN6jqBnU'
),
(
    '242LnLD9Gai0AHl7o6tqgFXV2FC',
    0,
    '242KSaMIRbPHmJtQ0N2IElTQm4T',
    0,
    0,
    0,
    NULL,
    '',
    '',
    '242KjT0WJ6tm4qGH1KhHoKaJj0v'
),
(
    '242LnQj1xzfiaZpAtDSAT9qlIco',
    0,
    '242KSXAwTGR3zQKJgUVobr8Nbu3',
    0,
    0,
    0,
    NULL,
    '',
    '',
    '242KjT0WJ6tm4qGH1KhHoKaJj0v'
),
(
    '242LnJZumxU00IpD7xVXwMwzpMo',
    0,
    '242KSYqWQ3P5uG9UDNSS4Z1ArPP',
    0,
    120,
    450,
    NULL,
    '',
    '',
    '242KjVZNo4aIUbxfmfwTwUmxH3E'
),
(
    '242LnPB38Y3lcuqIyVDsYabb1p3',
    0,
    '242KSVGj7o2hTZkhcxhPHy9YCB1',
    0,
    0,
    0,
    NULL,
    '',
    '',
    '242KjVZNo4aIUbxfmfwTwUmxH3E'
),
(
    '242LnLPhiaoGTsIhoBlOYkrv3Nk',
    0,
    '242KSc0kYusZeGhHvRDgLalzcc3',
    0,
    600,
    900,
    NULL,
    '',
    '',
    '242KjZLuiBiNYD1Gkrh2wAjr8A0'
),
(
    '242Lcc6wDc3nFzhxBfc599RMtK4',
    0,
    '242KSVXFwEvzXGZwK7L4YMllSIm',
    0,
    0,
    0,
    NULL,
    '',
    '',
    '242KjZLuiBiNYD1Gkrh2wAjr8A0'
);

-- Recipe Step Ingredients

INSERT INTO "recipe_step_ingredients" (
    "id",
    "ingredient_id",
    "quantity_type",
    "quantity_value",
    "quantity_notes",
    "product_of_recipe_step",
    "ingredient_notes",
    "belongs_to_recipe_step"
)
VALUES
(
    '242LJhvRkd3RaDfvlWhLJvzVcQD',
    '242K6lUSTFS3RkDNwdKI0RMZnYg',
    'grams',
    400,
    '',
    false,
    '',
    '242LnPnhFnFlb14eyqHRWj3Et4I'
),
(
    '242LJisw7VUqdScDT9RPEPg5lKd',
    '242K6lUSTFS3RkDNwdKI0RMZnYg',
    'grams',
    400,
    '',
    true,
    '',
    '242LnPXtlLt1MlXgR27jygkL14l'
),
(
    '242LJjMgNI00fP5kWWqeLh4QjmY',
    '242K6mpP9j7pguQPL8f2B0Cwiwa',
    'milliliters',
    250,
    '',
    false,
    'helps avoid burning the onion',
    '242LnPXtlLt1MlXgR27jygkL14l'
),
(
    '242LMmQVxl8oRbLEOLwXcWiPfAM',
    '242K6rf5zYjACazuqbWQR8fmRh5',
    'grams',
    900,
    '',
    false,
    '',
    '242LnLD9Gai0AHl7o6tqgFXV2FC'
),
(
    '242LMiEZci3rddHc1zDWexJlgvf',
    '242K6majTgy4uSTfC2ve18NEGtw',
    'grams',
    3,
    '',
    false,
    '',
    '242LnLD9Gai0AHl7o6tqgFXV2FC'
),
(
    '242LMkWWADQlgy0xIqOyZPf1DNo',
    '242K6rT1M9HV4g7UMlz1iUZWEnT',
    'grams',
    20,
    '',
    false,
    '',
    '242LnLD9Gai0AHl7o6tqgFXV2FC'
),
(
    '242LMhoFyV6q2fZLqWTTwYew8e3',
    '242K6rf5zYjACazuqbWQR8fmRh5',
    'grams',
    900,
    '',
    true,
    '',
    '242LnQj1xzfiaZpAtDSAT9qlIco'
),
(
    '242LMkYNywxJthgCoourECpeFdW',
    '242K6qNiXW9CghKfon91bTfR8jT',
    'grams',
    500,
    '',
    false,
    '',
    '242LnJZumxU00IpD7xVXwMwzpMo'
),
(
    '242LcbG5ribewDwYODGlDiuUDFN',
    '242KNFK2ZGVJLLsisy0ubPp4ncp',
    'grams',
    500,
    '',
    false,
    '',
    '242LnJZumxU00IpD7xVXwMwzpMo'
),
(
    '242M2p2f53UaMItuiutJpDGaG7c',
    '242K6qNiXW9CghKfon91bTfR8jT',
    'grams',
    500,
    '',
    true,
    '',
    '242LnPB38Y3lcuqIyVDsYabb1p3'
),
(
    '242LihCUy6camPbpspfMrJs9LUx',
    '242KNFK2ZGVJLLsisy0ubPp4ncp',
    'grams',
    500,
    '',
    true,
    '',
    '242LnPB38Y3lcuqIyVDsYabb1p3'
),
(
    '242LigMU1ezDGy8e9DFFLHER59U',
    '242K6r9nU2631TR7Rqw2y91SJpj',
    'grams',
    420,
    '',
    false,
    '',
    '242LnLPhiaoGTsIhoBlOYkrv3Nk'
),
(
    '242LifLmu7eUnNOxGYWKL6OpgI9',
    '242K6mpP9j7pguQPL8f2B0Cwiwa',
    'grams',
    420,
    '',
    false,
    '',
    '242LnLPhiaoGTsIhoBlOYkrv3Nk'
),
(
    '242Likl7CLJjy6X1tiGYl7rY1zk',
    '242K6r9nU2631TR7Rqw2y91SJpj',
    'grams',
    420,
    '',
    true,
    '',
    '242Lcc6wDc3nFzhxBfc599RMtK4'
);

-- Meals

INSERT INTO "meals" (
    "id",
    "name",
    "description",
    "created_by_user"
)
VALUES
(
    '242L0gJwrKM8lmhoEMR2yjIN7EF',
    'mushroom risotto with chicken',
    'chicken with a nice mushroom risotto',
    '242IshfGlwFV0yOm5OTl2NMnU6M'
),
(
    '242L0mca2sRcyquwstd1O8RpVPo',
    'spaghetti with caprese salad',
    'spaghetti with a nice caprese salad',
    '242IshfGlwFV0yOm5OTl2NMnU6M'
);

INSERT INTO "meal_recipes" (
    "id",
    "meal_id",
    "recipe_id"
)
VALUES
(
    '242L8uLRzdm07cwXe66lLVg2QGa',
    '242L0gJwrKM8lmhoEMR2yjIN7EF',
    '242Kja7X4LeEU5Z8bIZEN6jqBnU'
),
(
    '242L8w2SmY8s0IZuy4ldbQUUSq7',
    '242L0gJwrKM8lmhoEMR2yjIN7EF',
    '242KjT0WJ6tm4qGH1KhHoKaJj0v'
),
(
    '242L8uuZBw6brvrke8flXoT7wsx',
    '242L0mca2sRcyquwstd1O8RpVPo',
    '242KjZLuiBiNYD1Gkrh2wAjr8A0'
),
(
    '242L8sTwuBfGehMYk9Pon6wfT6z',
    '242L0mca2sRcyquwstd1O8RpVPo',
    '242KjVZNo4aIUbxfmfwTwUmxH3E'
);


-- Meal Plans

INSERT INTO "meal_plans" (
    "id",
    "notes",
    "status",
    "voting_deadline",
    "starts_at",
    "ends_at",
    "belongs_to_household"
)
VALUES
(
    '242L0gB3b7omllUN4fzXMYf5YTX',
    '',
    'finalized',
    '1641866834',
    '1641867834',
    '1642866834',
    '242JK9oro0PoSqGAFx4gaYwRVjB'
);

INSERT INTO "meal_plan_options" (
    "id",
    "day",
    "meal_name",
    "meal_id",
    "chosen",
    "notes",
    "belongs_to_meal_plan"
)
VALUES
(
    '242L0iZjCrPQIY6y6PVg42PSNCB',
    3,
    'dinner',
    '242L0gJwrKM8lmhoEMR2yjIN7EF',
    true,
    '',
    '242L0gB3b7omllUN4fzXMYf5YTX'
),
(
    '242L0mrTyPoV69OgTeyiSMD0hDe',
    3,
    'dinner',
    '242L0mca2sRcyquwstd1O8RpVPo',
    false,
    '',
    '242L0gB3b7omllUN4fzXMYf5YTX'
);
