/*
Some Notes:

1. All passwords are `PrixFixe1!`, without backticks. 
 */

-- Users

INSERT INTO "users" (
    "id",
    "username",
    "email_address",
    "hashed_password",
    "two_factor_secret",
    "two_factor_secret_verified_on",
    "password_last_changed_on",
    "reputation",
    "service_roles",
    "created_on",
    "archived_on"
)
VALUES
(
    'admin',
    'admin',
    'admin@prixfixe.email',
    '$argon2id$v=19$m=65536,t=1,p=2$QdxGzEsSJc24mMaW4k3kzQ$uqwRs4CuwRJZKAIXjcR9G1V0Qpv38YtL9vK3wm7SZho',
    'AAAAAAAAAAAAAAAAAAAAAAAAAAAAAAAAAAAAAAAAAAAAAAAAAAAAAAAAAAAAAAAAAAAAAAAAAAAAAAAAAAAAAAAAAAAAAAAAAAAAAAA=',
    '1641786300',
    NULL,
    'good',
    'service_admin',
    '1641786189',
    NULL
),
(
    'mom_jones',
    'momJones',
    'mom@jones.com',
    '$argon2id$v=19$m=65536,t=1,p=2$QdxGzEsSJc24mMaW4k3kzQ$uqwRs4CuwRJZKAIXjcR9G1V0Qpv38YtL9vK3wm7SZho',
    'AAAAAAAAAAAAAAAAAAAAAAAAAAAAAAAAAAAAAAAAAAAAAAAAAAAAAAAAAAAAAAAAAAAAAAAAAAAAAAAAAAAAAAAAAAAAAAAAAAAAAAA=',
    '1641786300',
    NULL,
    'good',
    'service_user',
    '1641786189',
    NULL
),
(
    'dad_jones',
    'dadJones',
    'dad@jones.com',
    '$argon2id$v=19$m=65536,t=1,p=2$QdxGzEsSJc24mMaW4k3kzQ$uqwRs4CuwRJZKAIXjcR9G1V0Qpv38YtL9vK3wm7SZho',
    'AAAAAAAAAAAAAAAAAAAAAAAAAAAAAAAAAAAAAAAAAAAAAAAAAAAAAAAAAAAAAAAAAAAAAAAAAAAAAAAAAAAAAAAAAAAAAAAAAAAAAAA=',
    '1641786300',
    NULL,
    'good',
    'service_user',
    '1641786189',
    NULL
),
(
    'sally_jones',
    'sallyJones',
    'sally@jones.com',
    '$argon2id$v=19$m=65536,t=1,p=2$QdxGzEsSJc24mMaW4k3kzQ$uqwRs4CuwRJZKAIXjcR9G1V0Qpv38YtL9vK3wm7SZho',
    'AAAAAAAAAAAAAAAAAAAAAAAAAAAAAAAAAAAAAAAAAAAAAAAAAAAAAAAAAAAAAAAAAAAAAAAAAAAAAAAAAAAAAAAAAAAAAAAAAAAAAAA=',
    '1641786300',
    NULL,
    'good',
    'service_user',
    '1641786189',
    NULL
),
(
    'billy_jones',
    'billyJones',
    'billy@jones.com',
    '$argon2id$v=19$m=65536,t=1,p=2$QdxGzEsSJc24mMaW4k3kzQ$uqwRs4CuwRJZKAIXjcR9G1V0Qpv38YtL9vK3wm7SZho',
    'AAAAAAAAAAAAAAAAAAAAAAAAAAAAAAAAAAAAAAAAAAAAAAAAAAAAAAAAAAAAAAAAAAAAAAAAAAAAAAAAAAAAAAAAAAAAAAAAAAAAAAA=',
    '1641786300',
    NULL,
    'good',
    'service_user',
    '1641786189',
    NULL
);

-- Households

INSERT INTO "households"
(
    "id",
    "name",
    "contact_email",
    "contact_phone",
    "billing_status",
    "payment_processor_customer_id",
    "subscription_plan_id",
    "belongs_to_user",
    "created_on",
    "last_updated_on",
    "archived_on"
)
VALUES
(
    'adminHousehold',
    'admin_default',
    '',
    '',
    'unpaid',
    '',
    NULL,
    'admin',
    '1641786189',
    NULL,
    NULL
),
(
    'jonesHousehold',
    'The Jones Household',
    '',
    '',
    'paid',
    '',
    NULL,
    'mom_jones',
    '1641786189',
    NULL,
    NULL
);

-- Household Memberships

INSERT INTO "household_user_memberships" (
    "id",
    "belongs_to_user",
    "belongs_to_household",
    "default_household",
    "household_roles",
    "created_on",
    "last_updated_on",
    "archived_on"
) 
VALUES
(
    'adminMembership',
    'admin',
    'adminHousehold',
    true,
    'household_admin',
    '1641786189',
    NULL,
    NULL
),
(
    'momMembership',
    'mom_jones',
    'jonesHousehold',
    true,
    'household_admin',
    '1641786189',
    NULL,
    NULL
),
(
    'dadMembership',
    'dad_jones',
    'jonesHousehold',
    true,
    'household_member',
    '1641786189',
    NULL,
    NULL
),
(
    'sallyMembership',
    'sally_jones',
    'jonesHousehold',
    true,
    'household_member',
    '1641786189',
    NULL,
    NULL
),
(
    'billyMembership',
    'billy_jones',
    'jonesHousehold',
    true,
    'household_member',
    '1641786189',
    NULL,
    NULL
);

-- Valid Ingredients

INSERT INTO "valid_ingredients" (
    "id",
    "name",
    "variant",
    "description",
    "icon_path",
    "warning",
    "animal_derived",
    "animal_flesh",
    "contains_gluten",
    "contains_dairy",
    "contains_egg",
    "contains_fish",
    "contains_peanut",
    "contains_sesame",
    "contains_shellfish",
    "contains_soy",
    "contains_tree_nut",
    "contains_wheat",
    "volumetric",
    "created_on",
    "last_updated_on",
    "archived_on"
)
VALUES
(
    'chickenBreast',
    'chicken breast',
    '',
    '',
    '',
    '',
    true,
    true,
    false,
    false,
    false,
    false,
    false,
    false,
    false,
    false,
    false,
    false,
    false,
    '1641866784',
    NULL,
    NULL
),
(
    'water',
    'water',
    '',
    '',
    '',
    '',
    false,
    false,
    false,
    false,
    false,
    false,
    false,
    false,
    false,
    false,
    false,
    false,
    false,
    '1641866784',
    NULL,
    NULL
),
(
    'onion',
    'onion',
    '',
    '',
    '',
    '',
    false,
    false,
    false,
    false,
    false,
    false,
    false,
    false,
    false,
    false,
    false,
    false,
    false,
    '1641866784',
    NULL,
    NULL
),
(
    'garlic',
    'garlic',
    '',
    '',
    '',
    '',
    false,
    false,
    false,
    false,
    false,
    false,
    false,
    false,
    false,
    false,
    false,
    false,
    false,
    '1641866784',
    NULL,
    NULL
),
(
    'blackPepper',
    'black pepper',
    '',
    '',
    '',
    '',
    false,
    false,
    false,
    false,
    false,
    false,
    false,
    false,
    false,
    false,
    false,
    false,
    false,
    '1641866784',
    NULL,
    NULL
),
(
    'oliveOil',
    'olive oil',
    '',
    '',
    '',
    '',
    false,
    false,
    false,
    false,
    false,
    false,
    false,
    false,
    false,
    false,
    false,
    false,
    false,
    '1641866784',
    NULL,
    NULL
),
(
    'coffee',
    'coffee',
    '',
    '',
    '',
    '',
    false,
    false,
    false,
    false,
    false,
    false,
    false,
    false,
    false,
    false,
    false,
    false,
    false,
    '1641866784',
    NULL,
    NULL
),
(
    'pasta',
    'pasta',
    '',
    '',
    '',
    '',
    false,
    false,
    true,
    false,
    false,
    false,
    false,
    false,
    false,
    false,
    false,
    false,
    false,
    '1641866784',
    NULL,
    NULL
),
(
    'tomato',
    'tomato',
    '',
    '',
    '',
    '',
    false,
    false,
    false,
    false,
    false,
    false,
    false,
    false,
    false,
    false,
    false,
    false,
    false,
    '1641866784',
    NULL,
    NULL
),
(
    'mozzarella',
    'mozzarella',
    '',
    '',
    '',
    '',
    true,
    false,
    false,
    true,
    false,
    false,
    false,
    false,
    false,
    false,
    false,
    false,
    false,
    '1641866784',
    NULL,
    NULL
);

-- Valid Instruments

INSERT INTO "valid_instruments"
(
    "id",
    "name",
    "variant",
    "description",
    "icon_path",
    "created_on",
    "last_updated_on",
    "archived_on"
)
VALUES
(
    'spoon',
    'spoon',
    '',
    '',
    '',
    '1641870035',
    NULL,
    NULL
);

-- Valid Preparations

INSERT INTO "valid_preparations"
(
    "id",
    "name",
    "description",
    "icon_path",
    "created_on",
    "last_updated_on",
    "archived_on"
)
VALUES
(
    'dice',
    'dice',
    '',
    '',
    '1641866834',
    NULL,
    NULL
),
(
    'slice',
    'slice',
    '',
    '',
    '1641866834',
    NULL,
    NULL
),
(
    'plate',
    'plate',
    '',
    '',
    '1641866834',
    NULL,
    NULL
),
(
    'sautee',
    'sautee',
    '',
    '',
    '1641866834',
    NULL,
    NULL
),
(
    'marinate',
    'marinate',
    '',
    '',
    '1641866834',
    NULL,
    NULL
),
(
    'boil',
    'boil',
    '',
    '',
    '1641866834',
    NULL,
    NULL
),
(
    'drain',
    'drain',
    '',
    '',
    '1641866834',
    NULL,
    NULL
),
(
    'grill',
    'grill',
    '',
    '',
    '1641866834',
    NULL,
    NULL
);

-- Recipes

INSERT INTO "recipes"
(
    "id",
    "name",
    "description",
    "inspired_by_recipe_id",
    "source",
    "created_by_user",
    "created_on",
    "last_updated_on",
    "archived_on"
)
VALUES
(
    'mushroomRisotto',
    'mushroom risotto',
    '',
    '',
    '',
    'mom_jones',
    '1641867047',
    NULL,
    NULL
),
(
    'grilledChickenBreast',
    'grilled chicken',
    '',
    '',
    '',
    'mom_jones',
    '1641867048',
    NULL,
    NULL
),
(
    'capreseSalad',
    'caprese salad',
    '',
    '',
    '',
    'mom_jones',
    '1641867048',
    NULL,
    NULL
),
(
    'spaghettiWithMeatballs',
    'spaghetti with meat balls',
    '',
    '',
    '',
    'mom_jones',
    '1641867048',
    NULL,
    NULL
);

-- Recipe Steps

INSERT INTO "recipe_steps" (
    "id",
    "index",
    "preparation_id",
    "prerequisite_step",
    "min_estimated_time_in_seconds",
    "max_estimated_time_in_seconds",
    "temperature_in_celsius",
    "notes",
    "why",
    "belongs_to_recipe"
)
VALUES
(
    'mushroomRisotto1',
    0,
    'dice',
    0,
    0,
    0,
    NULL,
    '',
    '',
    'mushroomRisotto'
),
(
    'mushroomRisotto2',
    0,
    'sautee',
    0,
    0,
    0,
    NULL,
    '',
    '',
    'mushroomRisotto'
),
(
    'grilledChickenBreast1',
    0,
    'marinate',
    0,
    0,
    0,
    NULL,
    '',
    '',
    'grilledChickenBreast'
),
(
    'grilledChickenBreast2',
    0,
    'grill',
    0,
    0,
    0,
    NULL,
    '',
    '',
    'grilledChickenBreast'
),
(
    'capreseSalad1',
    0,
    'slice',
    0,
    120,
    450,
    NULL,
    '',
    '',
    'capreseSalad'
),
(
    'capreseSalad2',
    0,
    'plate',
    0,
    0,
    0,
    NULL,
    '',
    '',
    'capreseSalad'
),
(
    'spaghettiWithMeatballs1',
    0,
    'boil',
    0,
    600,
    900,
    NULL,
    '',
    '',
    'spaghettiWithMeatballs'
),
(
    'spaghettiWithMeatballs2',
    0,
    'drain',
    0,
    0,
    0,
    NULL,
    '',
    '',
    'spaghettiWithMeatballs'
);

-- Recipe Step Ingredients

INSERT INTO "recipe_step_ingredients" (
    "id",
    "ingredient_id",
    "quantity_type",
    "quantity_value",
    "quantity_notes",
    "product_of_recipe_step",
    "ingredient_notes",
    "belongs_to_recipe_step"
)
VALUES
(
    'mushroomRisotto1_1',
    'onion',
    'grams',
    400,
    '',
    false,
    '',
    'mushroomRisotto1'
),
(
    'mushroomRisotto2_1',
    'onion',
    'grams',
    400,
    '',
    true,
    '',
    'mushroomRisotto2'
),
(
    'mushroomRisotto2_3',
    'water',
    'milliliters',
    250,
    '',
    false,
    'helps avoid burning the onion',
    'mushroomRisotto2'
),
(
    'grilledChickenBreast1_1',
    'chickenBreast',
    'grams',
    900,
    '',
    false,
    '',
    'grilledChickenBreast1'
),
(
    'grilledChickenBreast1_2',
    'blackPepper',
    'grams',
    3,
    '',
    false,
    '',
    'grilledChickenBreast1'
),
(
    'grilledChickenBreast1_3',
    'garlic',
    'grams',
    20,
    '',
    false,
    '',
    'grilledChickenBreast1'
),
(
    'grilledChickenBreast2_1',
    'chickenBreast',
    'grams',
    900,
    '',
    true,
    '',
    'grilledChickenBreast2'
),
(
    'capreseSalad1_1',
    'tomato',
    'grams',
    500,
    '',
    false,
    '',
    'capreseSalad1'
),
(
    'capreseSalad1_2',
    'mozzarella',
    'grams',
    500,
    '',
    false,
    '',
    'capreseSalad1'
),
(
    'capreseSalad2_1',
    'tomato',
    'grams',
    500,
    '',
    true,
    '',
    'capreseSalad2'
),
(
    'capreseSalad2_2',
    'mozzarella',
    'grams',
    500,
    '',
    true,
    '',
    'capreseSalad2'
),
(
    'spaghettiWithMeatballs1_1',
    'pasta',
    'grams',
    420,
    '',
    false,
    '',
    'spaghettiWithMeatballs1'
),
(
    'spaghettiWithMeatballs1_2',
    'water',
    'grams',
    420,
    '',
    false,
    '',
    'spaghettiWithMeatballs1'
),
(
    'spaghettiWithMeatballs2_1',
    'pasta',
    'grams',
    420,
    '',
    true,
    '',
    'spaghettiWithMeatballs2'
);

-- Meals

INSERT INTO "meals" (
    "id",
    "name",
    "description",
    "created_by_user"
)
VALUES
(
    'mushroomRisottoWithChicken',
    'mushroom risotto with chicken',
    'chicken with a nice mushroom risotto',
    'mom_jones'
),
(
    'spaghettiWithCapreseSalad',
    'spaghetti with caprese salad',
    'spaghetti with a nice caprese salad',
    'mom_jones'
);

INSERT INTO "meal_recipes" (
    "id",
    "meal_id",
    "recipe_id"
)
VALUES
(
    'mrwcRisotto',
    'mushroomRisottoWithChicken',
    'mushroomRisotto'
),
(
    'mrwcChicken',
    'mushroomRisottoWithChicken',
    'grilledChickenBreast'
),
(
    'swcsSpaghetti',
    'spaghettiWithCapreseSalad',
    'spaghettiWithMeatballs'
),
(
    'swcsCaprese',
    'spaghettiWithCapreseSalad',
    'capreseSalad'
);


-- Meal Plans

INSERT INTO "meal_plans" (
    "id",
    "notes",
    "status",
    "voting_deadline",
    "starts_at",
    "ends_at",
    "belongs_to_household"
)
VALUES
(
    'jonesMealPlan1',
    '',
    'finalized',
    '1641866834',
    '1641867834',
    '1642866834',
    'jonesHousehold'
);

INSERT INTO "meal_plan_options" (
    "id",
    "day",
    "meal_name",
    "meal_id",
    "chosen",
    "notes",
    "belongs_to_meal_plan"
)
VALUES
(
    'jonesMealPlanOption1',
    3,
    'dinner',
    'mushroomRisottoWithChicken',
    true,
    '',
    'jonesMealPlan1'
),
(
    'jonesMealPlanOption2',
    3,
    'dinner',
    'spaghettiWithCapreseSalad',
    false,
    '',
    'jonesMealPlan1'
);
